2 RLock(s) were not greened, to fix this error make sure you run eventlet.monkey_patch() before importing any other modules.
loading app ryu_controller.py
loading app os_ken.controller.ofp_handler
instantiating app ryu_controller.py of SDNMonitorRNP
instantiating app os_ken.controller.ofp_handler of OFPHandler
--- Monitoramento de Tráfego (Switch 1) ---
Porta        Rx Pkts    Tx Pkts    Rx Bytes   Tx Bytes
-------------------------------------------------------
fffffffe          0          0          0          0
   1      11168    1843990     960492  167177424
   2     869258     989298   78963692   89466852
   3     992952     890986   89785696   80835928
--- Monitoramento de Tráfego (Switch 3) ---
Porta        Rx Pkts    Tx Pkts    Rx Bytes   Tx Bytes
-------------------------------------------------------
fffffffe          0          0          0          0
   1          8    2007738        732  181308320
   2    1059368     952326   95519840   86129028
   3     956796    1057243   86513588   95337210
--- Monitoramento de Tráfego (Switch 5) ---
Porta        Rx Pkts    Tx Pkts    Rx Bytes   Tx Bytes
-------------------------------------------------------
fffffffe          0          0          0          0
   1       1290    2130038     110984  191862684
   2    1026379    1122712   92514946  100989980
   3    1124049    1022226  101105058   92157880
--- Monitoramento de Tráfego (Switch 2) ---
Porta        Rx Pkts    Tx Pkts    Rx Bytes   Tx Bytes
-------------------------------------------------------
fffffffe          0          0          0          0
   1          7    2266818        646  203668496
   2    1193677    1082508  107115230   97359360
   3    1094681    1195804   98408786  107301520
--- Monitoramento de Tráfego (Switch 6) ---
Porta        Rx Pkts    Tx Pkts    Rx Bytes   Tx Bytes
-------------------------------------------------------
fffffffe          0          0          0          0
   1       6064    3283203     521532  291294618
   2    1683739    1610435  149386658  142851526
   3    1618764    1697714  143565832  150587688
--- Monitoramento de Tráfego (Switch 4) ---
Porta        Rx Pkts    Tx Pkts    Rx Bytes   Tx Bytes
-------------------------------------------------------
fffffffe          0          0          0          0
   1       1593    3424507     137042  303429930
   2    1751804    1678283  155235352  148674158
   3    1686771    1758052  149402806  155771884
--- Monitoramento de Tráfego (Switch 6) ---
Porta        Rx Pkts    Tx Pkts    Rx Bytes   Tx Bytes
-------------------------------------------------------
fffffffe          0          0          0          0
   1       6154    4688593     529272  411925350
   2    2389116    2310292  209947140  202908156
   3    2313282    2397949  203164432  210705962
--- Monitoramento de Tráfego (Switch 4) ---
Porta        Rx Pkts    Tx Pkts    Rx Bytes   Tx Bytes
-------------------------------------------------------
fffffffe          0          0          0          0
   1       1690    4748591     145368  417078030
   2    2418378    2336657  212459796  205172118
   3    2343497    2422798  205759838  212839160
--- Monitoramento de Tráfego (Switch 1) ---
Porta        Rx Pkts    Tx Pkts    Rx Bytes   Tx Bytes
-------------------------------------------------------
fffffffe          0          0          0          0
   1      11418    4810815     981976  422422498
   2    2363482    2462679  207476960  216265138
   3    2462949    2380565  216287422  208945458
--- Monitoramento de Tráfego (Switch 3) ---
Porta        Rx Pkts    Tx Pkts    Rx Bytes   Tx Bytes
-------------------------------------------------------
fffffffe          0          0          0          0
   1          9    4887783        802  429035402
   2    2491346    2401100  218727072  210709200
   3    2412646    2495325  211701620  219068686
--- Monitoramento de Tráfego (Switch 5) ---
Porta        Rx Pkts    Tx Pkts    Rx Bytes   Tx Bytes
-------------------------------------------------------
fffffffe          0          0          0          0
   1       1563    4935702     134446  433152384
   2    2430839    2513387  213264778  220620522
   3    2518534    2431496  221062772  213320916
--- Monitoramento de Tráfego (Switch 2) ---
Porta        Rx Pkts    Tx Pkts    Rx Bytes   Tx Bytes
-------------------------------------------------------
fffffffe          0          0          0          0
   1          8    4984628        716  437355832
   2    2547224    2446159  223528456  214580090
   3    2454698    2545908  215314132  223414812
--- Monitoramento de Tráfego (Switch 6) ---
Porta        Rx Pkts    Tx Pkts    Rx Bytes   Tx Bytes
-------------------------------------------------------
fffffffe          0          0          0          0
   1       6271    7192305     539334  627070858
   2    3651681    3559652  318433546  310265092
   3    3557075    3654747  310039830  318697270
--- Monitoramento de Tráfego (Switch 4) ---
Porta        Rx Pkts    Tx Pkts    Rx Bytes   Tx Bytes
-------------------------------------------------------
fffffffe          0          0          0          0
   1       1832    7271738     157580  633896612
   2    3691936    3597542  321891744  313520916
   3    3598999    3691499  313646154  321854698
--- Monitoramento de Tráfego (Switch 1) ---
Porta        Rx Pkts    Tx Pkts    Rx Bytes   Tx Bytes
-------------------------------------------------------
fffffffe          0          0          0          0
   1      11548    7333598     992992  639211552
   2    3618796    3731069  315340428  325263066
   3    3726303    3632571  324852898  316527294
--- Monitoramento de Tráfego (Switch 3) ---
Porta        Rx Pkts    Tx Pkts    Rx Bytes   Tx Bytes
-------------------------------------------------------
fffffffe          0          0          0          0
   1         81    7395702       3910  644548560
   2    3752343    3648727  327081094  317917654
   3    3658360    3754176  318747036  327238180
--- Monitoramento de Tráfego (Switch 5) ---
Porta        Rx Pkts    Tx Pkts    Rx Bytes   Tx Bytes
-------------------------------------------------------
fffffffe          0          0          0          0
   1       1706    7449770     146744  649194612
   2    3681433    3776149  320726070  329136034
   3    3782362    3683908  329662444  320938660
--- Monitoramento de Tráfego (Switch 2) ---
Porta        Rx Pkts    Tx Pkts    Rx Bytes   Tx Bytes
-------------------------------------------------------
fffffffe          0          0          0          0
   1        387    7511120      16662  654466284
   2    3816189    3703476  332577090  322617136
   3    3711247    3815567  323290066  332512526
--- Monitoramento de Tráfego (Switch 6) ---
Porta        Rx Pkts    Tx Pkts    Rx Bytes   Tx Bytes
-------------------------------------------------------
fffffffe          0          0          0          0
   1       6274    9587570     539576  832904792
   2    4853336    4746656  421688496  412268408
   3    4746202    4857132  412223788  422015368
--- Monitoramento de Tráfego (Switch 4) ---
Porta        Rx Pkts    Tx Pkts    Rx Bytes   Tx Bytes
-------------------------------------------------------
fffffffe          0          0          0          0
   1       2047    9614873     176054  835251542
   2    4866395    4756402  422802762  413105944
   3    4758062    4866011  413248588  422777578
--- Monitoramento de Tráfego (Switch 3) ---
Porta        Rx Pkts    Tx Pkts    Rx Bytes   Tx Bytes
-------------------------------------------------------
fffffffe          0          0          0          0
   1        246    9666650      10840  839701412
   2    4895313    4777185  425290706  414887790
   3    4783567    4893796  415440550  425156988
--- Monitoramento de Tráfego (Switch 1) ---
Porta        Rx Pkts    Tx Pkts    Rx Bytes   Tx Bytes
-------------------------------------------------------
fffffffe          0          0          0          0
   1      11607    9631715     998050  836698426
   2    4761743    4887428  413548434  424633744
   3    4880825    4771983  424065998  414439454
--- Monitoramento de Tráfego (Switch 2) ---
Porta        Rx Pkts    Tx Pkts    Rx Bytes   Tx Bytes
-------------------------------------------------------
fffffffe          0          0          0          0
   1        827    9729716      35142  845121376
   2    4931478    4805399  428419588  417300298
   3    4810613    4928851  417760678  428172566
--- Monitoramento de Tráfego (Switch 5) ---
Porta        Rx Pkts    Tx Pkts    Rx Bytes   Tx Bytes
-------------------------------------------------------
fffffffe          0          0          0          0
   1       1821    9695230     156618  842157532
   2    4797421    4905553  416625654  426191082
   3    4908999    4797517  426472178  416633774
--- Monitoramento de Tráfego (Switch 6) ---
Porta        Rx Pkts    Tx Pkts    Rx Bytes   Tx Bytes
-------------------------------------------------------
fffffffe          0          0          0          0
   1       6274   12064893     539576 1045808330
   2    6099684    5978087  528782884  518097098
   3    5977765    6103306  518063838  529094776
--- Monitoramento de Tráfego (Switch 4) ---
Porta        Rx Pkts    Tx Pkts    Rx Bytes   Tx Bytes
-------------------------------------------------------
fffffffe          0          0          0          0
   1       2281   12097432     193890 1048604976
   2    6114647    5990602  530054118  519171180
   3    5993496    6115182  519421216  530114468
--- Monitoramento de Tráfego (Switch 1) ---
Porta        Rx Pkts    Tx Pkts    Rx Bytes   Tx Bytes
-------------------------------------------------------
fffffffe          0          0          0          0
   1      11710   12119745    1006864 1050521918
   2    5998553    6138009  519838042  532111486
   3    6131184    6009048  531524560  520752164
--- Monitoramento de Tráfego (Switch 3) ---
Porta        Rx Pkts    Tx Pkts    Rx Bytes   Tx Bytes
-------------------------------------------------------
fffffffe          0          0          0          0
   1        412   12163973      17812 1054323466
   2    6151908    6018662  533264900  521578224
   3    6024173    6149013  522055694  533006650
--- Monitoramento de Tráfego (Switch 2) ---
Porta        Rx Pkts    Tx Pkts    Rx Bytes   Tx Bytes
-------------------------------------------------------
fffffffe          0          0          0          0
   1       1285   12210592      54378 1058329544
   2    6178506    6039045  535591680  523316714
   3    6044676    6176975  523813204  535419010
--- Monitoramento de Tráfego (Switch 5) ---
Porta        Rx Pkts    Tx Pkts    Rx Bytes   Tx Bytes
-------------------------------------------------------
fffffffe          0          0          0          0
   1       1944   12186521     167196 1056260978
   2    6035704    6158539  523042904  533875510
   3    6161705    6035692  534112646  523041788
--- Monitoramento de Tráfego (Switch 6) ---
Porta        Rx Pkts    Tx Pkts    Rx Bytes   Tx Bytes
-------------------------------------------------------
fffffffe          0          0          0          0
   1       6274   14402416     539576 1246664164
   2    7275875    7138063  629840546  617769530
   3    7136646    7278301  617635816  630049634
--- Monitoramento de Tráfego (Switch 4) ---
Porta        Rx Pkts    Tx Pkts    Rx Bytes   Tx Bytes
-------------------------------------------------------
fffffffe          0          0          0          0
   1       3222   14434775     239528 1249444782
   2    7291862    7152287  631194476  618954974
   3    7155598    7293739  619276028  631375066
--- Monitoramento de Tráfego (Switch 1) ---
Porta        Rx Pkts    Tx Pkts    Rx Bytes   Tx Bytes
-------------------------------------------------------
fffffffe          0          0          0          0
   1      11831   14458416    1017150 1251475132
   2    7161085    7315539  619718022  633289254
   3    7311423    7172927  632932722  620755758
--- Monitoramento de Tráfego (Switch 5) ---
Porta        Rx Pkts    Tx Pkts    Rx Bytes   Tx Bytes
-------------------------------------------------------
fffffffe          0          0          0          0
   1       2134   14548738     180424 1259236460
   2    7208813    7347438  623838882  636026544
   3    7352851    7210833  636453694  624009362
--- Monitoramento de Tráfego (Switch 3) ---
Porta        Rx Pkts    Tx Pkts    Rx Bytes   Tx Bytes
-------------------------------------------------------
fffffffe          0          0          0          0
   1        562   14515425      24140 1256374250
   2    7339874    7191823  635329016  622345642
   3    7196349    7336530  622739306  635031476
--- Monitoramento de Tráfego (Switch 2) ---
Porta        Rx Pkts    Tx Pkts    Rx Bytes   Tx Bytes
-------------------------------------------------------
fffffffe          0          0          0          0
   1       1682   14579992      71052 1261921752
   2    7372913    7217189  638218770  624538402
   3    7221755    7369679  624916394  637889210
--- Monitoramento de Tráfego (Switch 6) ---
Porta        Rx Pkts    Tx Pkts    Rx Bytes   Tx Bytes
-------------------------------------------------------
fffffffe          0          0          0          0
   1       6275   16953284     539646 1465811692
   2    8564479    8409452  740530010  726994628
   3    8408077    8566066  726859026  740668644
--- Monitoramento de Tráfego (Switch 4) ---
Porta        Rx Pkts    Tx Pkts    Rx Bytes   Tx Bytes
-------------------------------------------------------
fffffffe          0          0          0          0
   1       4333   16984709     292290 1468511694
   2    8575484    8420218  741452664  727841860
   3    8423324    8578463  728186132  741730762
--- Monitoramento de Tráfego (Switch 1) ---
Porta        Rx Pkts    Tx Pkts    Rx Bytes   Tx Bytes
-------------------------------------------------------
fffffffe          0          0          0          0
   1      11937   17026559    1026250 1472106002
   2    8435684    8608832  729206868  744386380
   3    8602448    8446922  743830992  730200452
--- Monitoramento de Tráfego (Switch 3) ---
Porta        Rx Pkts    Tx Pkts    Rx Bytes   Tx Bytes
-------------------------------------------------------
fffffffe          0          0          0          0
   1        727   17066826      31070 1475566036
   2    8619597    8455882  745255034  730898800
   3    8462040    8617768  731434396  745084744
--- Monitoramento de Tráfego (Switch 2) ---
Porta        Rx Pkts    Tx Pkts    Rx Bytes   Tx Bytes
-------------------------------------------------------
fffffffe          0          0          0          0
   1       2102   17134164      88720 1481350428
   2    8657551    8484349  748570102  733386506
   3    8493534    8657853  734132424  748541290
--- Monitoramento de Tráfego (Switch 5) ---
Porta        Rx Pkts    Tx Pkts    Rx Bytes   Tx Bytes
-------------------------------------------------------
fffffffe          0          0          0          0
   1       2390   17095674     196748 1478043792
   2    8474424    8630508  732562900  746240292
   3    8635484    8475936  746629964  732687744
--- Monitoramento de Tráfego (Switch 6) ---
Porta        Rx Pkts    Tx Pkts    Rx Bytes   Tx Bytes
-------------------------------------------------------
fffffffe          0          0          0          0
   1       6383   19360376     544182 1672583948
   2    9772271    9601670  844271474  829405192
   3    9603038    9776836  829496036  844663044
--- Monitoramento de Tráfego (Switch 4) ---
Porta        Rx Pkts    Tx Pkts    Rx Bytes   Tx Bytes
-------------------------------------------------------
fffffffe          0          0          0          0
   1       5366   19414824     340912 1677261256
   2    9799759    9628289  846609490  831578510
   3    9630998    9802888  831924372  846901292
--- Monitoramento de Tráfego (Switch 2) ---
Porta        Rx Pkts    Tx Pkts    Rx Bytes   Tx Bytes
-------------------------------------------------------
fffffffe          0          0          0          0
   1       2492   19587399     105100 1692085218
   2    9892309    9703677  854634626  838115646
   3    9712434    9892127  838795472  854554894
--- Monitoramento de Tráfego (Switch 5) ---
Porta        Rx Pkts    Tx Pkts    Rx Bytes   Tx Bytes
-------------------------------------------------------
fffffffe          0          0          0          0
   1       2637   19548747     212578 1688764854
   2    9693138    9865732  837244632  852342528
   3    9870648    9695057  852719984  837399710
--- Monitoramento de Tráfego (Switch 1) ---
Porta        Rx Pkts    Tx Pkts    Rx Bytes   Tx Bytes
-------------------------------------------------------
fffffffe          0          0          0          0
   1      12030   19478373    1034116 1682719302
   2    9656499    9845594  834063422  850622228
   3    9836492    9664932  849830844  834821916
--- Monitoramento de Tráfego (Switch 3) ---
Porta        Rx Pkts    Tx Pkts    Rx Bytes   Tx Bytes
-------------------------------------------------------
fffffffe          0          0          0          0
   1        885   19519067      37706 1686215714
   2    9854991    9675018  851365554  835582740
   3    9681077    9853182  836110970  851197380
--- Monitoramento de Tráfego (Switch 6) ---
Porta        Rx Pkts    Tx Pkts    Rx Bytes   Tx Bytes
-------------------------------------------------------
fffffffe          0          0          0          0
   1       6761   21857907     560058 1887115378
   2   11033520   10844862  952600116  936189620
   3   10844133   11034917  936094898  952707994
--- Monitoramento de Tráfego (Switch 1) ---
Porta        Rx Pkts    Tx Pkts    Rx Bytes   Tx Bytes
-------------------------------------------------------
fffffffe          0          0          0          0
   1      12112   21923687    1041168 1892765206
   2   10869500   11074096  938246784  956143564
   3   11067166   10879394  955538684  939138200
--- Monitoramento de Tráfego (Switch 5) ---
Porta        Rx Pkts    Tx Pkts    Rx Bytes   Tx Bytes
-------------------------------------------------------
fffffffe          0          0          0          0
   1       2881   21996201     228194 1898994974
   2   10910189   11098994  941783266  958272104
   3   11102036   10908855  958471928  941653962
--- Monitoramento de Tráfego (Switch 2) ---
Porta        Rx Pkts    Tx Pkts    Rx Bytes   Tx Bytes
-------------------------------------------------------
fffffffe          0          0          0          0
   1       2870   22025820     121032 1901539428
   2   11119887   10914502  960076450  942112040
   3   10922744   11118893  942722780  959917966
--- Monitoramento de Tráfego (Switch 4) ---
Porta        Rx Pkts    Tx Pkts    Rx Bytes   Tx Bytes
-------------------------------------------------------
fffffffe          0          0          0          0
   1       6507   21897416     397414 1890509516
   2   11052959   10864906  954243662  937761460
   3   10863431   11051400  937784586  954135644
--- Monitoramento de Tráfego (Switch 3) ---
Porta        Rx Pkts    Tx Pkts    Rx Bytes   Tx Bytes
-------------------------------------------------------
fffffffe          0          0          0          0
   1       1044   21960481      44384 1895927030
   2   11083824   10888879  956906028  939814894
   3   10896103   11083400  940440142  956857904
--- Monitoramento de Tráfego (Switch 6) ---
Porta        Rx Pkts    Tx Pkts    Rx Bytes   Tx Bytes
-------------------------------------------------------
fffffffe          0          0          0          0
   1       7103   24176732     574422 2086298088
   2   12199702   11994903 1052758496 1034973498
   3   11995246   12202718 1034965876 1052993332
--- Monitoramento de Tráfego (Switch 4) ---
Porta        Rx Pkts    Tx Pkts    Rx Bytes   Tx Bytes
-------------------------------------------------------
fffffffe          0          0          0          0
   1       7559   24221463     448550 2090140950
   2   12219567   12017397 1054441046 1036723158
   3   12017540   12222679 1036918172 1054731458
--- Monitoramento de Tráfego (Switch 1) ---
Porta        Rx Pkts    Tx Pkts    Rx Bytes   Tx Bytes
-------------------------------------------------------
fffffffe          0          0          0          0
   1      12184   24247946    1047360 2092415120
   2   12023042   12244836 1037329540 1056698120
   3   12239919   12035033 1056263262 1038402130
--- Monitoramento de Tráfego (Switch 2) ---
Porta        Rx Pkts    Tx Pkts    Rx Bytes   Tx Bytes
-------------------------------------------------------
fffffffe          0          0          0          0
   1       3196   24353829     134724 2101511526
   2   12292646   12071272 1060803428 1041472460
   3   12080317   12292504 1042120350 1060717272
--- Monitoramento de Tráfego (Switch 5) ---
Porta        Rx Pkts    Tx Pkts    Rx Bytes   Tx Bytes
-------------------------------------------------------
fffffffe          0          0          0          0
   1       3115   24319468     243170 2098559584
   2   12062729   12267041 1040781354 1058592298
   3   12270673   12062565 1058827594 1040748222
--- Monitoramento de Tráfego (Switch 3) ---
Porta        Rx Pkts    Tx Pkts    Rx Bytes   Tx Bytes
-------------------------------------------------------
fffffffe          0          0          0          0
   1       1192   24294206      50600 2096389740
   2   12258761   12046644 1057818962 1039227892
   3   12051975   12255404 1039693210 1057519328
--- Monitoramento de Tráfego (Switch 6) ---
Porta        Rx Pkts    Tx Pkts    Rx Bytes   Tx Bytes
-------------------------------------------------------
fffffffe          0          0          0          0
   1       7502   26826289     591180 2313892154
   2   13536844   13311339 1167594624 1148052382
   3   13311746   13539938 1148044480 1167828340
--- Monitoramento de Tráfego (Switch 4) ---
Porta        Rx Pkts    Tx Pkts    Rx Bytes   Tx Bytes
-------------------------------------------------------
fffffffe          0          0          0          0
   1       8752   26887536     506092 2319153348
   2   13564942   13343948 1169990440 1150640880
   3   13339703   13564602 1150488734 1169978960
--- Monitoramento de Tráfego (Switch 1) ---
Porta        Rx Pkts    Tx Pkts    Rx Bytes   Tx Bytes
-------------------------------------------------------
fffffffe          0          0          0          0
   1      12260   26906057    1053896 2320743474
   2   13342867   13583217 1150689414 1171656070
   3   13576639   13352158 1171078814 1151540032
--- Monitoramento de Tráfego (Switch 2) ---
Porta        Rx Pkts    Tx Pkts    Rx Bytes   Tx Bytes
-------------------------------------------------------
fffffffe          0          0          0          0
   1       3409   27012301     143726 2329870834
   2   13631544   13390890 1175807432 1154813404
   3   13399760   13630336 1155424520 1175628272
--- Monitoramento de Tráfego (Switch 5) ---
Porta        Rx Pkts    Tx Pkts    Rx Bytes   Tx Bytes
-------------------------------------------------------
fffffffe          0          0          0          0
   1       3378   26974683     259980 2326639178
   2   13381172   13605637 1154032372 1173569838
   3   13611829   13384258 1174002526 1154272596
--- Monitoramento de Tráfego (Switch 3) ---
Porta        Rx Pkts    Tx Pkts    Rx Bytes   Tx Bytes
-------------------------------------------------------
fffffffe          0          0          0          0
   1       1494   26945349      63340 2324119866
   2   13594796   13364219 1172575408 1152372818
   3   13372127   13594098 1153060326 1172494616
--- Monitoramento de Tráfego (Switch 6) ---
Porta        Rx Pkts    Tx Pkts    Rx Bytes   Tx Bytes
-------------------------------------------------------
fffffffe          0          0          0          0
   1       7865   29236376     606426 2520913708
   2   14748337   14504087 1271649710 1250504762
   3   14504623   14751961 1250502530 1271920510
--- Monitoramento de Tráfego (Switch 4) ---
Porta        Rx Pkts    Tx Pkts    Rx Bytes   Tx Bytes
-------------------------------------------------------
fffffffe          0          0          0          0
   1       9789   29270272     555850 2523825612
   2   14764919   14525088 1273053370 1252064944
   3   14522944   14768060 1252124648 1273343552
--- Monitoramento de Tráfego (Switch 1) ---
Porta        Rx Pkts    Tx Pkts    Rx Bytes   Tx Bytes
-------------------------------------------------------
fffffffe          0          0          0          0
   1      12325   29301222    1059486 2526483420
   2   14531190   14790605 1252742740 1275367414
   3   14785220   14542438 1274892416 1253774620
--- Monitoramento de Tráfego (Switch 2) ---
Porta        Rx Pkts    Tx Pkts    Rx Bytes   Tx Bytes
-------------------------------------------------------
fffffffe          0          0          0          0
   1       3585   29402445     151118 2535179322
   2   14835947   14576663 1279261954 1256648894
   3   14586974   14835077 1257368372 1279106262
--- Monitoramento de Tráfego (Switch 5) ---
Porta        Rx Pkts    Tx Pkts    Rx Bytes   Tx Bytes
-------------------------------------------------------
fffffffe          0          0          0          0
   1       3621   29377987     275554 2533078334
   2   14572361   14816399 1256345082 1277570738
   3   14819260   14571588 1277700088 1256254504
--- Monitoramento de Tráfego (Switch 3) ---
Porta        Rx Pkts    Tx Pkts    Rx Bytes   Tx Bytes
-------------------------------------------------------
fffffffe          0          0          0          0
   1       1781   29350475      75394 2530715338
   2   14806590   14558387 1276659512 1254913750
   3   14562705   14803200 1255294946 1276340932
--- Monitoramento de Tráfego (Switch 6) ---
Porta        Rx Pkts    Tx Pkts    Rx Bytes   Tx Bytes
-------------------------------------------------------
fffffffe          0          0          0          0
   1       8223   31626511     621462 2726212726
   2   15952480   15689508 1375062492 1352325296
   3   15694342   15959090 1352686924 1375580940
--- Monitoramento de Tráfego (Switch 1) ---
Porta        Rx Pkts    Tx Pkts    Rx Bytes   Tx Bytes
-------------------------------------------------------
fffffffe          0          0          0          0
   1      12388   31700179    1064888 2732539386
   2   15722854   15999467 1355090428 1379198398
   3   15995009   15733907 1378803270 1356109430
--- Monitoramento de Tráfego (Switch 4) ---
Porta        Rx Pkts    Tx Pkts    Rx Bytes   Tx Bytes
-------------------------------------------------------
fffffffe          0          0          0          0
   1      10930   31676432     609812 2730500816
   2   15976358   15719106 1377091280 1354589676
   3   15716864   15978969 1354674980 1377337394
--- Monitoramento de Tráfego (Switch 2) ---
Porta        Rx Pkts    Tx Pkts    Rx Bytes   Tx Bytes
-------------------------------------------------------
fffffffe          0          0          0          0
   1       3765   31805830     158762 2741614280
   2   16046510   15769453 1383238740 1359091762
   3   15779328   16045698 1359754688 1383083372
--- Monitoramento de Tráfego (Switch 5) ---
Porta        Rx Pkts    Tx Pkts    Rx Bytes   Tx Bytes
-------------------------------------------------------
fffffffe          0          0          0          0
   1       3863   31774801     291026 2738949274
   2   15762302   16023498 1358547356 1381249872
   3   16031308   15764819 1381782424 1358739542
--- Monitoramento de Tráfego (Switch 3) ---
Porta        Rx Pkts    Tx Pkts    Rx Bytes   Tx Bytes
-------------------------------------------------------
fffffffe          0          0          0          0
   1       2060   31740799      87140 2736029378
   2   16010799   15744740 1380086142 1356784072
   3   15750039   16007124 1357245258 1379733452
--- Monitoramento de Tráfego (Switch 6) ---
Porta        Rx Pkts    Tx Pkts    Rx Bytes   Tx Bytes
-------------------------------------------------------
fffffffe          0          0          0          0
   1       8610   34173069     637744 2944915710
   2   17235329   16953904 1485227130 1460912648
   3   16954526   17238012 1460906836 1485400360
--- Monitoramento de Tráfego (Switch 1) ---
Porta        Rx Pkts    Tx Pkts    Rx Bytes   Tx Bytes
-------------------------------------------------------
fffffffe          0          0          0          0
   1      12452   34237816    1070392 2950475668
   2   16982408   17277569 1463237836 1488964514
   3   17270457   16990925 1488341158 1464055890
--- Monitoramento de Tráfego (Switch 4) ---
Porta        Rx Pkts    Tx Pkts    Rx Bytes   Tx Bytes
-------------------------------------------------------
fffffffe          0          0          0          0
   1      12160   34214115     667616 2948441058
   2   17255286   16979432 1486918100 1462788016
   3   16973142   17254497 1462564788 1486873362
--- Monitoramento de Tráfego (Switch 3) ---
Porta        Rx Pkts    Tx Pkts    Rx Bytes   Tx Bytes
-------------------------------------------------------
fffffffe          0          0          0          0
   1       2301   34275184      97262 2953686112
   2   17287438   17004383 1489723284 1464928610
   3   17011632   17286884 1465552068 1489631200
--- Monitoramento de Tráfego (Switch 2) ---
Porta        Rx Pkts    Tx Pkts    Rx Bytes   Tx Bytes
-------------------------------------------------------
fffffffe          0          0          0          0
   1       3951   34348996     166574 2960024668
   2   17330017   17033399 1493468854 1467615818
   3   17042083   17326407 1468164802 1493069894
--- Monitoramento de Tráfego (Switch 5) ---
Porta        Rx Pkts    Tx Pkts    Rx Bytes   Tx Bytes
-------------------------------------------------------
fffffffe          0          0          0          0
   1       4118   34309617     307368 2956642870
   2   17020910   17301354 1466630824 1490994516
   3   17308906   17025214 1491487756 1466977012
--- Monitoramento de Tráfego (Switch 6) ---
Porta        Rx Pkts    Tx Pkts    Rx Bytes   Tx Bytes
-------------------------------------------------------
fffffffe          0          0          0          0
   1       9225   36752601     663574 3166411934
   2   18535087   18233465 1596811450 1570780938
   3   18234341   18537710 1570782422 1596956544
--- Monitoramento de Tráfego (Switch 4) ---
Porta        Rx Pkts    Tx Pkts    Rx Bytes   Tx Bytes
-------------------------------------------------------
fffffffe          0          0          0          0
   1      13411   36806321     726142 3171025042
   2   18561548   18267195 1599060128 1573326482
   3   18262035   18564248 1573234018 1599315288
--- Monitoramento de Tráfego (Switch 1) ---
Porta        Rx Pkts    Tx Pkts    Rx Bytes   Tx Bytes
-------------------------------------------------------
fffffffe          0          0          0          0
   1      12517   36824753    1075982 3172606462
   2   18266276   18581720 1573473964 1600928256
   3   18575371   18276129 1600370122 1574407974
--- Monitoramento de Tráfego (Switch 3) ---
Porta        Rx Pkts    Tx Pkts    Rx Bytes   Tx Bytes
-------------------------------------------------------
fffffffe          0          0          0          0
   1       2534   36866615     107048 3176202498
   2   18594289   18290947 1601914794 1575369530
   3   18294974   18589256 1575710384 1601438836
--- Monitoramento de Tráfego (Switch 2) ---
Porta        Rx Pkts    Tx Pkts    Rx Bytes   Tx Bytes
-------------------------------------------------------
fffffffe          0          0          0          0
   1       4149   36935020     175002 3182071984
   2   18636027   18319697 1605590658 1578060522
   3   18329383   18632635 1578669538 1605206982
--- Monitoramento de Tráfego (Switch 5) ---
Porta        Rx Pkts    Tx Pkts    Rx Bytes   Tx Bytes
-------------------------------------------------------
fffffffe          0          0          0          0
   1       4735   36893408     339014 3178502740
   2   18304091   18604190 1576808854 1602844468
   3   18611797   18306678 1603316406 1576992176
--- Monitoramento de Tráfego (Switch 6) ---
Porta        Rx Pkts    Tx Pkts    Rx Bytes   Tx Bytes
-------------------------------------------------------
fffffffe          0          0          0          0
   1       9925   39116210     692974 3369360864
   2   19726416   19406657 1699094048 1671513174
   3   19408276   19731161 1671553608 1699390738
--- Monitoramento de Tráfego (Switch 4) ---
Porta        Rx Pkts    Tx Pkts    Rx Bytes   Tx Bytes
-------------------------------------------------------
fffffffe          0          0          0          0
   1      14530   39138230     778288 3371251552
   2   19736972   19424751 1699972004 1672682558
   3   19418032   19738306 1672489792 1700115008
--- Monitoramento de Tráfego (Switch 3) ---
Porta        Rx Pkts    Tx Pkts    Rx Bytes   Tx Bytes
-------------------------------------------------------
fffffffe          0          0          0          0
   1       2740   39201310     115700 3376668592
   2   19771077   19449099 1702947198 1674790754
   3   19456354   19769514 1675395032 1702765808
--- Monitoramento de Tráfego (Switch 1) ---
Porta        Rx Pkts    Tx Pkts    Rx Bytes   Tx Bytes
-------------------------------------------------------
fffffffe          0          0          0          0
   1      12577   39154103    1081142 3372613518
   2   19422449   19755783 1672740018 1701728418
   3   19752213   19433662 1701408622 1673790892
--- Monitoramento de Tráfego (Switch 2) ---
Porta        Rx Pkts    Tx Pkts    Rx Bytes   Tx Bytes
-------------------------------------------------------
fffffffe          0          0          0          0
   1       4321   39266517     182226 3382258986
   2   19806977   19472331 1706123658 1677023042
   3   19488129   19810648 1678142054 1706344268
--- Monitoramento de Tráfego (Switch 5) ---
Porta        Rx Pkts    Tx Pkts    Rx Bytes   Tx Bytes
-------------------------------------------------------
fffffffe          0          0          0          0
   1       5347   39226218     369954 3378806852
   2   19462398   19781578 1676258296 1703929792
   3   19786723   19463277 1704160126 1676274478
--- Monitoramento de Tráfego (Switch 6) ---
Porta        Rx Pkts    Tx Pkts    Rx Bytes   Tx Bytes
-------------------------------------------------------
fffffffe          0          0          0          0
   1      10668   41587571     724180 3581563954
   2   20972304   20631721 1806070840 1776699946
   3   20637026   20978942 1777036108 1806497332
--- Monitoramento de Tráfego (Switch 4) ---
Porta        Rx Pkts    Tx Pkts    Rx Bytes   Tx Bytes
-------------------------------------------------------
fffffffe          0          0          0          0
   1      15727   41641730     834062 3586214548
   2   21000016   20668333 1808402744 1779415150
   3   20660602   21001163 1779179676 1808548414
--- Monitoramento de Tráfego (Switch 1) ---
Porta        Rx Pkts    Tx Pkts    Rx Bytes   Tx Bytes
-------------------------------------------------------
fffffffe          0          0          0          0
   1      12641   41666469    1086646 3588337950
   2   20667751   21022507 1779661878 1810486150
   3   21015177   20676609 1809839854 1780513358
--- Monitoramento de Tráfego (Switch 3) ---
Porta        Rx Pkts    Tx Pkts    Rx Bytes   Tx Bytes
-------------------------------------------------------
fffffffe          0          0          0          0
   1       2964   41701664     125164 3591361488
   2   21031388   20691028 1811147180 1781389904
   3   20697148   21029130 1781887932 1810902360
--- Monitoramento de Tráfego (Switch 2) ---
Porta        Rx Pkts    Tx Pkts    Rx Bytes   Tx Bytes
-------------------------------------------------------
fffffffe          0          0          0          0
   1       4508   41757660     190080 3596160832
   2   21063043   20707643 1813966998 1783087110
   3   20720703   21063146 1783936806 1813874008
--- Monitoramento de Tráfego (Switch 5) ---
Porta        Rx Pkts    Tx Pkts    Rx Bytes   Tx Bytes
-------------------------------------------------------
fffffffe          0          0          0          0
   1       5991   41724036     402502 3593282208
   2   20699211   21038159 1782453926 1811813106
   3   21045902   20702007 1812244580 1782614002
--- Monitoramento de Tráfego (Switch 6) ---
Porta        Rx Pkts    Tx Pkts    Rx Bytes   Tx Bytes
-------------------------------------------------------
fffffffe          0          0          0          0
   1      11394   43955038     754672 3784840024
   2   22165114   21806704 1908480028 1877584076
   3   21812008   22172951 1877900420 1908978274
--- Monitoramento de Tráfego (Switch 1) ---
Porta        Rx Pkts    Tx Pkts    Rx Bytes   Tx Bytes
-------------------------------------------------------
fffffffe          0          0          0          0
   1      12699   44045754    1091634 3792628108
   2   21849240   22221709 1881103924 1913440606
   3   22214765   21858192 1912824474 1881963368
--- Monitoramento de Tráfego (Switch 5) ---
Porta        Rx Pkts    Tx Pkts    Rx Bytes   Tx Bytes
-------------------------------------------------------
fffffffe          0          0          0          0
   1       6609   44112114     433562 3798326920
   2   21884662   22242159 1884235908 1915176430
   3   22254141   21890796 1915947706 1884663224
--- Monitoramento de Tráfego (Switch 3) ---
Porta        Rx Pkts    Tx Pkts    Rx Bytes   Tx Bytes
-------------------------------------------------------
fffffffe          0          0          0          0
   1       3242   44082481     136840 3795783114
   2   22231346   21872821 1914159756 1882829546
   3   21880627   22229654 1883462670 1913957576
--- Monitoramento de Tráfego (Switch 4) ---
Porta        Rx Pkts    Tx Pkts    Rx Bytes   Tx Bytes
-------------------------------------------------------
fffffffe          0          0          0          0
   1      16914   44022857     889284 3790663390
   2   22199726   21850811 1911388784 1880904298
   3   21843386   22201888 1880733596 1911637516
--- Monitoramento de Tráfego (Switch 2) ---
Porta        Rx Pkts    Tx Pkts    Rx Bytes   Tx Bytes
-------------------------------------------------------
fffffffe          0          0          0          0
   1       4698   44154196     198060 3801930760
   2   22273386   21900678 1917877044 1885519928
   3   21912360   22271034 1886223668 1917566540
--- Monitoramento de Tráfego (Switch 6) ---
Porta        Rx Pkts    Tx Pkts    Rx Bytes   Tx Bytes
-------------------------------------------------------
fffffffe          0          0          0          0
   1      12111   46386244     784786 3993580416
   2   23390782   23012504 2013698308 1981106960
   3   23017782   23398915 1981399380 2014190906
--- Monitoramento de Tráfego (Switch 4) ---
Porta        Rx Pkts    Tx Pkts    Rx Bytes   Tx Bytes
-------------------------------------------------------
fffffffe          0          0          0          0
   1      18189   46420161     948686 3996493170
   2   23411542   23044908 2015403316 1983385628
   3   23032189   23410815 1982797122 2015417094
--- Monitoramento de Tráfego (Switch 1) ---
Porta        Rx Pkts    Tx Pkts    Rx Bytes   Tx Bytes
-------------------------------------------------------
fffffffe          0          0          0          0
   1      12760   46450370    1096880 3999085552
   2   23041698   23433280 1983475776 2017444908
   3   23428500   23051675 2017012836 1984423342
--- Monitoramento de Tráfego (Switch 2) ---
Porta        Rx Pkts    Tx Pkts    Rx Bytes   Tx Bytes
-------------------------------------------------------
fffffffe          0          0          0          0
   1       5007   46548267     211038 4007480218
   2   23477504   23085731 2021238208 1987256390
   3   23100238   23476684 1988182752 2021048656
--- Monitoramento de Tráfego (Switch 5) ---
Porta        Rx Pkts    Tx Pkts    Rx Bytes   Tx Bytes
-------------------------------------------------------
fffffffe          0          0          0          0
   1       7230   46512371     464880 4004410134
   2   23075883   23453034 1986501890 2019117636
   3   23462291   23081024 2019625474 1986827864
--- Monitoramento de Tráfego (Switch 3) ---
Porta        Rx Pkts    Tx Pkts    Rx Bytes   Tx Bytes
-------------------------------------------------------
fffffffe          0          0          0          0
   1       3561   46488035     150294 4002321034
   2   23445439   23066768 2018370278 1985309960
   3   23075947   23444627 1986049102 2018242094
--- Monitoramento de Tráfego (Switch 4) ---
Porta        Rx Pkts    Tx Pkts    Rx Bytes   Tx Bytes
-------------------------------------------------------
fffffffe          0          0          0          0
   1      19476   48845007    1008504 4204691070
   2   24633986   24250013 2120339768 2086806154
   3   24240208   24636356 2086511976 2120627952
--- Monitoramento de Tráfego (Switch 3) ---
Porta        Rx Pkts    Tx Pkts    Rx Bytes   Tx Bytes
-------------------------------------------------------
fffffffe          0          0          0          0
   1       3874   48919143     163440 4211056866
   2   24669772   24274386 2123468944 2088951484
   3   24282901   24667763 2089628610 2123239730
--- Monitoramento de Tráfego (Switch 1) ---
Porta        Rx Pkts    Tx Pkts    Rx Bytes   Tx Bytes
-------------------------------------------------------
fffffffe          0          0          0          0
   1      12822   48880543    1102212 4207740966
   2   24248316   24658020 2087070960 2122581552
   3   24652891   24257549 2122114126 2087954610
--- Monitoramento de Tráfego (Switch 6) ---
Porta        Rx Pkts    Tx Pkts    Rx Bytes   Tx Bytes
-------------------------------------------------------
fffffffe          0          0          0          0
   1      12902   49037421     818008 4221211574
   2   24726824   24329062 2128395496 2094140656
   3   24333609   24734276 2094352150 2128795804
--- Monitoramento de Tráfego (Switch 5) ---
Porta        Rx Pkts    Tx Pkts    Rx Bytes   Tx Bytes
-------------------------------------------------------
fffffffe          0          0          0          0
   1       7870   48974106     497172 4215775396
   2   24297697   24693255 2091401430 2125578830
   3   24701957   24302041 2126021526 2091642470
--- Monitoramento de Tráfego (Switch 2) ---
Porta        Rx Pkts    Tx Pkts    Rx Bytes   Tx Bytes
-------------------------------------------------------
fffffffe          0          0          0          0
   1       5325   49006380     224394 4218524340
   2   24715546   24305393 2127520224 2091971134
   3   24320304   24715469 2092892024 2127392062
--- Monitoramento de Tráfego (Switch 6) ---
Porta        Rx Pkts    Tx Pkts    Rx Bytes   Tx Bytes
-------------------------------------------------------
fffffffe          0          0          0          0
   1      13601   51352626     847366 4419988292
   2   25894095   25476922 2228580138 2192687924
   3   25486337   25905246 2193297446 2229276016
--- Monitoramento de Tráfego (Switch 4) ---
Porta        Rx Pkts    Tx Pkts    Rx Bytes   Tx Bytes
-------------------------------------------------------
fffffffe          0          0          0          0
   1      21055   51389928    1080730 4423191232
   2   25916672   25512426 2230438464 2195138784
   3   25498896   25915928 2194574456 2230454356
--- Monitoramento de Tráfego (Switch 1) ---
Porta        Rx Pkts    Tx Pkts    Rx Bytes   Tx Bytes
-------------------------------------------------------
fffffffe          0          0          0          0
   1      12887   51423407    1107802 4426064450
   2   25512380   25941820 2195594204 2232790444
   3   25934589   25518749 2232136010 2196231898
--- Monitoramento de Tráfego (Switch 2) ---
Porta        Rx Pkts    Tx Pkts    Rx Bytes   Tx Bytes
-------------------------------------------------------
fffffffe          0          0          0          0
   1       5652   51540835     238128 4436124278
   2   25993515   25561783 2237228162 2199835438
   3   25579045   25993646 2200922154 2237107000
--- Monitoramento de Tráfego (Switch 5) ---
Porta        Rx Pkts    Tx Pkts    Rx Bytes   Tx Bytes
-------------------------------------------------------
fffffffe          0          0          0          0
   1       8522   51507036     530144 4433245612
   2   25558117   25974348 2199611822 2235549080
   3   25981630   25559993 2235832160 2199619306
--- Monitoramento de Tráfego (Switch 3) ---
Porta        Rx Pkts    Tx Pkts    Rx Bytes   Tx Bytes
-------------------------------------------------------
fffffffe          0          0          0          0
   1       4193   51476423     176894 4430618006
   2   25958436   25544596 2234084648 2197965760
   3   25552076   25957167 2198541340 2233915026
--- Monitoramento de Tráfego (Switch 6) ---
Porta        Rx Pkts    Tx Pkts    Rx Bytes   Tx Bytes
-------------------------------------------------------
fffffffe          0          0          0          0
   1      14364   53914860     879412 4639973000
   2   27186319   26747843 2339497022 2301800630
   3   26756550   27196758 2302328652 2340107076
--- Monitoramento de Tráfego (Switch 4) ---
Porta        Rx Pkts    Tx Pkts    Rx Bytes   Tx Bytes
-------------------------------------------------------
fffffffe          0          0          0          0
   1      22712   53952609    1156000 4643214058
   2   27205361   26781901 2341059162 2304084042
   3   26768863   27207748 2303605078 2341336500
--- Monitoramento de Tráfego (Switch 1) ---
Porta        Rx Pkts    Tx Pkts    Rx Bytes   Tx Bytes
-------------------------------------------------------
fffffffe          0          0          0          0
   1      12952   53977783    1113392 4645374278
   2   26776978   27228247 2304164236 2343220734
   3   27223729   26785701 2342795614 2305004058
--- Monitoramento de Tráfego (Switch 5) ---
Porta        Rx Pkts    Tx Pkts    Rx Bytes   Tx Bytes
-------------------------------------------------------
fffffffe          0          0          0          0
   1       9181   54044690     563410 4651120116
   2   26813131   27249597 2307359166 2345016482
   3   27257830   26816922 2345348688 2307510660
--- Monitoramento de Tráfego (Switch 2) ---
Porta        Rx Pkts    Tx Pkts    Rx Bytes   Tx Bytes
-------------------------------------------------------
fffffffe          0          0          0          0
   1       5982   54076735     251988 4653841822
   2   27271976   26820903 2346975352 2307935578
   3   26837811   27273044 2308965954 2346927028
--- Monitoramento de Tráfego (Switch 3) ---
Porta        Rx Pkts    Tx Pkts    Rx Bytes   Tx Bytes
-------------------------------------------------------
fffffffe          0          0          0          0
   1       4502   54021768     189872 4649152520
   2   27242191   26806348 2344278398 2306265720
   3   26816348   27240596 2307040236 2344084212
--- Monitoramento de Tráfego (Switch 6) ---
Porta        Rx Pkts    Tx Pkts    Rx Bytes   Tx Bytes
-------------------------------------------------------
fffffffe          0          0          0          0
   1      15095   56312678     910114 4845835400
   2   28396248   27937518 2443343840 2403927848
   3   27948635   28409265 2404644942 2444152382
--- Monitoramento de Tráfego (Switch 3) ---
Porta        Rx Pkts    Tx Pkts    Rx Bytes   Tx Bytes
-------------------------------------------------------
fffffffe          0          0          0          0
   1       4791   56405032     202066 4853764436
   2   28444694   27989753 2447495360 2407823038
   3   27999248   28442908 2408533288 2447280816
--- Monitoramento de Tráfego (Switch 4) ---
Porta        Rx Pkts    Tx Pkts    Rx Bytes   Tx Bytes
-------------------------------------------------------
fffffffe          0          0          0          0
   1      24248   56357508    1225836 4849683956
   2   28419138   27975751 2445240696 2406518354
   3   27960183   28419069 2405872350 2445302406
--- Monitoramento de Tráfego (Switch 1) ---
Porta        Rx Pkts    Tx Pkts    Rx Bytes   Tx Bytes
-------------------------------------------------------
fffffffe          0          0          0          0
   1      13013   56373234    1118638 4851032804
   2   27964845   28436123 2406143414 2446908194
   3   28431256   27973991 2446448276 2407020210
--- Monitoramento de Tráfego (Switch 5) ---
Porta        Rx Pkts    Tx Pkts    Rx Bytes   Tx Bytes
-------------------------------------------------------
fffffffe          0          0          0          0
   1       9984   56423457     602416 4855345514
   2   27994187   28451561 2408753822 2448191066
   3   28460638   27998311 2448560816 2408907326
--- Monitoramento de Tráfego (Switch 2) ---
Porta        Rx Pkts    Tx Pkts    Rx Bytes   Tx Bytes
-------------------------------------------------------
fffffffe          0          0          0          0
   1       6290   56450477     264924 4857631974
   2   28470832   27999382 2449887668 2409107900
   3   28015384   28469912 2410022464 2449659892
--- Monitoramento de Tráfego (Switch 6) ---
Porta        Rx Pkts    Tx Pkts    Rx Bytes   Tx Bytes
-------------------------------------------------------
fffffffe          0          0          0          0
   1      16288   58905140     960220 5068379812
   2   29705817   29225934 2555714818 2514490624
   3   29231508   29714102 2514733628 2556105544
--- Monitoramento de Tráfego (Switch 4) ---
Porta        Rx Pkts    Tx Pkts    Rx Bytes   Tx Bytes
-------------------------------------------------------
fffffffe          0          0          0          0
   1      25898   58947351    1300900 5072003418
   2   29724371   29262693 2557253938 2516916890
   3   29246784   29726785 2516279632 2557514354
--- Monitoramento de Tráfego (Switch 1) ---
Porta        Rx Pkts    Tx Pkts    Rx Bytes   Tx Bytes
-------------------------------------------------------
fffffffe          0          0          0          0
   1      13079   58976249    1124314 5074482838
   2   29255904   29748253 2516968816 2559537806
   3   29744257   29265716 2559136858 2517903216
--- Monitoramento de Tráfego (Switch 5) ---
Porta        Rx Pkts    Tx Pkts    Rx Bytes   Tx Bytes
-------------------------------------------------------
fffffffe          0          0          0          0
   1      11066   59052678     653668 5081044904
   2   29297077   29774746 2520595306 2561753932
   3   29784498   29302571 2562147572 2520831718
--- Monitoramento de Tráfego (Switch 3) ---
Porta        Rx Pkts    Tx Pkts    Rx Bytes   Tx Bytes
-------------------------------------------------------
fffffffe          0          0          0          0
   1       5105   59023338     215254 5078526884
   2   29764829   29289448 2560797190 2519349052
   3   29300529   29763098 2520162186 2560578212
--- Monitoramento de Tráfego (Switch 2) ---
Porta        Rx Pkts    Tx Pkts    Rx Bytes   Tx Bytes
-------------------------------------------------------
fffffffe          0          0          0          0
   1       6635   59095456     279414 5084684280
   2   29802188   29308899 2564167660 2521517198
   3   29327511   29803843 2522615078 2564145850
--- Monitoramento de Tráfego (Switch 6) ---
Porta        Rx Pkts    Tx Pkts    Rx Bytes   Tx Bytes
-------------------------------------------------------
fffffffe          0          0          0          0
   1      17439   61402082    1008562 5282725168
   2   30963354   30463242 2663604572 2620663328
   3   30469845   30973029 2620998518 2664102790
--- Monitoramento de Tráfego (Switch 4) ---
Porta        Rx Pkts    Tx Pkts    Rx Bytes   Tx Bytes
-------------------------------------------------------
fffffffe          0          0          0          0
   1      27490   61429943    1373364 5285117118
   2   30979761   30498581 2664986370 2622953150
   3   30480639   30981007 2622156122 2665119374
--- Monitoramento de Tráfego (Switch 1) ---
Porta        Rx Pkts    Tx Pkts    Rx Bytes   Tx Bytes
-------------------------------------------------------
fffffffe          0          0          0          0
   1      13142   61456823    1129732 5287423390
   2   30486494   30998506 2622597524 2666849516
   3   30994652   30496188 2666443616 2623523636
--- Monitoramento de Tráfego (Switch 3) ---
Porta        Rx Pkts    Tx Pkts    Rx Bytes   Tx Bytes
-------------------------------------------------------
fffffffe          0          0          0          0
   1       5402   61500767     227728 5291197690
   2   31014041   30519269 2668006586 2624898018
   3   30532026   31013405 2625822472 2667873886
--- Monitoramento de Tráfego (Switch 5) ---
Porta        Rx Pkts    Tx Pkts    Rx Bytes   Tx Bytes
-------------------------------------------------------
fffffffe          0          0          0          0
   1      12088   61529221     702048 5293639450
   2   30526288   31024517 2626107524 2669006598
   3   31038519   30535270 2669721902 2626613056
--- Monitoramento de Tráfego (Switch 2) ---
Porta        Rx Pkts    Tx Pkts    Rx Bytes   Tx Bytes
-------------------------------------------------------
fffffffe          0          0          0          0
   1       6956   61570753     292896 5297172022
   2   31056830   30543405 2671856432 2627482966
   3   30560849   31056089 2628467414 2671615762
--- Monitoramento de Tráfego (Switch 6) ---
Porta        Rx Pkts    Tx Pkts    Rx Bytes   Tx Bytes
-------------------------------------------------------
fffffffe          0          0          0          0
   1      18562   63849826    1055728 5492847636
   2   32198790   31677912 2769585532 2724896724
   3   31687118   32209245 2725461144 2770140422
--- Monitoramento de Tráfego (Switch 4) ---
Porta        Rx Pkts    Tx Pkts    Rx Bytes   Tx Bytes
-------------------------------------------------------
fffffffe          0          0          0          0
   1      29064   63887777    1444972 5496105550
   2   32216120   31715988 2771063056 2727393432
   3   31700957   32220898 2726874294 2771482360
--- Monitoramento de Tráfego (Switch 1) ---
Porta        Rx Pkts    Tx Pkts    Rx Bytes   Tx Bytes
-------------------------------------------------------
fffffffe          0          0          0          0
   1      13205   63926331    1135150 5499412458
   2   31711746   32243335 2727771884 2773672374
   3   32240568   31721805 2773346104 2728731462
--- Monitoramento de Tráfego (Switch 5) ---
Porta        Rx Pkts    Tx Pkts    Rx Bytes   Tx Bytes
-------------------------------------------------------
fffffffe          0          0          0          0
   1      13099   63991829     749966 5505037898
   2   31750109   32269254 2731161210 2775808312
   3   32281537   31757256 2776343058 2731479948
--- Monitoramento de Tráfego (Switch 3) ---
Porta        Rx Pkts    Tx Pkts    Rx Bytes   Tx Bytes
-------------------------------------------------------
fffffffe          0          0          0          0
   1       5697   63966463     240118 5502861458
   2   32256657   31743187 2774628546 2729932110
   3   31755464   32256001 2730779828 2774486422
--- Monitoramento de Tráfego (Switch 2) ---
Porta        Rx Pkts    Tx Pkts    Rx Bytes   Tx Bytes
-------------------------------------------------------
fffffffe          0          0          0          0
   1       7276   64037548     306336 5508930248
   2   32294439   31760752 2778059470 2731978740
   3   31783399   32297230 2733383226 2778111064
--- Monitoramento de Tráfego (Switch 6) ---
Porta        Rx Pkts    Tx Pkts    Rx Bytes   Tx Bytes
-------------------------------------------------------
fffffffe          0          0          0          0
   1      19671   66410108    1102334 5712616264
   2   33489753   32949511 2880354098 2834004218
   3   32958203   33501083 2834528374 2880973218
--- Monitoramento de Tráfego (Switch 4) ---
Porta        Rx Pkts    Tx Pkts    Rx Bytes   Tx Bytes
-------------------------------------------------------
fffffffe          0          0          0          0
   1      30718   66467422    1520216 5717535580
   2   33517757   32998796 2882762762 2837422584
   3   32981569   33521248 2836754898 2883055412
--- Monitoramento de Tráfego (Switch 1) ---
Porta        Rx Pkts    Tx Pkts    Rx Bytes   Tx Bytes
-------------------------------------------------------
fffffffe          0          0          0          0
   1      13271   66491250    1140810 5719577764
   2   32983905   33536241 2836964366 2884638102
   3   33531823   32992922 2884161286 2837835184
--- Monitoramento de Tráfego (Switch 3) ---
Porta        Rx Pkts    Tx Pkts    Rx Bytes   Tx Bytes
-------------------------------------------------------
fffffffe          0          0          0          0
   1       6005   66530515     253082 5722950826
   2   33548897   33016567 2885527574 2839192226
   3   33028674   33547445 2839986056 2885310646
--- Monitoramento de Tráfego (Switch 5) ---
Porta        Rx Pkts    Tx Pkts    Rx Bytes   Tx Bytes
-------------------------------------------------------
fffffffe          0          0          0          0
   1      14147   66557413     799642 5725259962
   2   33023558   33562647 2840464484 2886806302
   3   33575900   33030616 2887389548 2840741192
--- Monitoramento de Tráfego (Switch 2) ---
Porta        Rx Pkts    Tx Pkts    Rx Bytes   Tx Bytes
-------------------------------------------------------
fffffffe          0          0          0          0
   1       7611   66594738     320434 5728430972
   2   33583897   33029598 2888728778 2840885644
   3   33048628   33583179 2841943536 2888469798
--- Monitoramento de Tráfego (Switch 6) ---
Porta        Rx Pkts    Tx Pkts    Rx Bytes   Tx Bytes
-------------------------------------------------------
fffffffe          0          0          0          0
   1      20545   68957005    1139042 5931225214
   2   34772983   34214157 2990467198 2942517054
   3   34220233   34782180 2942814950 2990896084
--- Monitoramento de Tráfego (Switch 1) ---
Porta        Rx Pkts    Tx Pkts    Rx Bytes   Tx Bytes
-------------------------------------------------------
fffffffe          0          0          0          0
   1      13335   69021735    1146314 5936778038
   2   34240537   34811706 2944821898 2994114180
   3   34808081   34249226 2993695710 2945665044
--- Monitoramento de Tráfego (Switch 4) ---
Porta        Rx Pkts    Tx Pkts    Rx Bytes   Tx Bytes
-------------------------------------------------------
fffffffe          0          0          0          0
   1      32347   68983459    1594178 5933496094
   2   34785303   34248475 2991535010 2944610990
   3   34231652   34791052 2944018220 2992017724
--- Monitoramento de Tráfego (Switch 2) ---
Porta        Rx Pkts    Tx Pkts    Rx Bytes   Tx Bytes
-------------------------------------------------------
fffffffe          0          0          0          0
   1       7938   69115540     334168 5944800540
   2   34857822   34285336 2998072496 2948666924
   3   34304859   34856422 2949727774 2997742364
--- Monitoramento de Tráfego (Switch 3) ---
Porta        Rx Pkts    Tx Pkts    Rx Bytes   Tx Bytes
-------------------------------------------------------
fffffffe          0          0          0          0
   1       6410   69057552     270092 5939855036
   2   34825909   34273217 2995123790 2947012686
   3   34285898   34822575 2947821156 2994733298
--- Monitoramento de Tráfego (Switch 5) ---
Porta        Rx Pkts    Tx Pkts    Rx Bytes   Tx Bytes
-------------------------------------------------------
fffffffe          0          0          0          0
   1      15180   69081806     848660 5941937548
   2   34273768   34833190 2947771712 2995850712
   3   34847010   34284410 2996458812 2948321500
--- Monitoramento de Tráfego (Switch 6) ---
Porta        Rx Pkts    Tx Pkts    Rx Bytes   Tx Bytes
-------------------------------------------------------
fffffffe          0          0          0          0
   1      21321   71422195    1171634 6142812822
   2   36017362   35438331 3097213680 3047551746
   3   35447569   36028601 3048117014 3097816530
--- Monitoramento de Tráfego (Switch 4) ---
Porta        Rx Pkts    Tx Pkts    Rx Bytes   Tx Bytes
-------------------------------------------------------
fffffffe          0          0          0          0
   1      33949   71464066    1667034 6146406768
   2   36035717   35481466 3098806258 3050364456
   3   35461594   36041214 3049547356 3099259412
--- Monitoramento de Tráfego (Switch 1) ---
Porta        Rx Pkts    Tx Pkts    Rx Bytes   Tx Bytes
-------------------------------------------------------
fffffffe          0          0          0          0
   1      13397   71490762    1151646 6148694256
   2   35470515   36060044 3050386398 3101226780
   3   36054274   35476372 3100614360 3050987148
--- Monitoramento de Tráfego (Switch 5) ---
Porta        Rx Pkts    Tx Pkts    Rx Bytes   Tx Bytes
-------------------------------------------------------
fffffffe          0          0          0          0
   1      16188   71580667     896056 6156414626
   2   35513414   36092678 3054165936 3103904988
   3   36110256   35526912 3104813932 3054924452
--- Monitoramento de Tráfego (Switch 2) ---
Porta        Rx Pkts    Tx Pkts    Rx Bytes   Tx Bytes
-------------------------------------------------------
fffffffe          0          0          0          0
   1       8264   71614203     347860 6159259938
   2   36117291   35525409 3106133514 3055097294
   3   35547229   36117588 3056314926 3105936124
--- Monitoramento de Tráfego (Switch 3) ---
Porta        Rx Pkts    Tx Pkts    Rx Bytes   Tx Bytes
-------------------------------------------------------
fffffffe          0          0          0          0
   1       6817   71544889     287186 6153343530
   2   36076902   35506898 3102449052 3052855132
   3   35522729   36077352 3053903906 3102375180
--- Monitoramento de Tráfego (Switch 6) ---
Porta        Rx Pkts    Tx Pkts    Rx Bytes   Tx Bytes
-------------------------------------------------------
fffffffe          0          0          0          0
   1      22091   73908724    1203974 6356230960
   2   37269311   36673040 3204619486 3153490332
   3   36681283   37280780 3153970334 3205239420
--- Monitoramento de Tráfego (Switch 1) ---
Porta        Rx Pkts    Tx Pkts    Rx Bytes   Tx Bytes
-------------------------------------------------------
fffffffe          0          0          0          0
   1      13458   73986986    1156892 6362943992
   2   36704286   37313435 3156275364 3208788498
   3   37308640   36712823 3208248996 3157106846
--- Monitoramento de Tráfego (Switch 4) ---
Porta        Rx Pkts    Tx Pkts    Rx Bytes   Tx Bytes
-------------------------------------------------------
fffffffe          0          0          0          0
   1      35553   73952983    1740090 6360029202
   2   37295032   36722732 3206852740 3156831976
   3   36700834   37296579 3155874568 3206958738
--- Monitoramento de Tráfego (Switch 3) ---
Porta        Rx Pkts    Tx Pkts    Rx Bytes   Tx Bytes
-------------------------------------------------------
fffffffe          0          0          0          0
   1       7224   74024572     304280 6366172848
   2   37328797   36740179 3209872718 3158664370
   3   36753364   37325447 3159459688 3209462766
--- Monitoramento de Tráfego (Switch 2) ---
Porta        Rx Pkts    Tx Pkts    Rx Bytes   Tx Bytes
-------------------------------------------------------
fffffffe          0          0          0          0
   1       8587   74073135     361426 6370308698
   2   37352380   36742880 3212130952 3159587572
   3   36763959   37353514 3160705374 3211993940
--- Monitoramento de Tráfego (Switch 5) ---
Porta        Rx Pkts    Tx Pkts    Rx Bytes   Tx Bytes
-------------------------------------------------------
fffffffe          0          0          0          0
   1      17130   74045171     938260 6367941330
   2   36737758   37334106 3159246948 3210434776
   3   37350090   36749222 3211185456 3159799368
--- Monitoramento de Tráfego (Switch 6) ---
Porta        Rx Pkts    Tx Pkts    Rx Bytes   Tx Bytes
-------------------------------------------------------
fffffffe          0          0          0          0
   1      22825   76283200    1234802 6560034652
   2   38467181   37853815 3307375422 3254800850
   3   37862756   38479967 3255336796 3308103138
--- Monitoramento de Tráfego (Switch 1) ---
Porta        Rx Pkts    Tx Pkts    Rx Bytes   Tx Bytes
-------------------------------------------------------
fffffffe          0          0          0          0
   1      13517   76335679    1161966 6564534862
   2   37871364   38496948 3256436120 3310356160
   3   38493758   37879906 3309942740 3257270392
--- Monitoramento de Tráfego (Switch 4) ---
Porta        Rx Pkts    Tx Pkts    Rx Bytes   Tx Bytes
-------------------------------------------------------
fffffffe          0          0          0          0
   1      37066   76308683    1808916 6562221982
   2   38477811   37889475 3308334254 3256917862
   3   37870542   38484195 3256236180 3308834706
--- Monitoramento de Tráfego (Switch 3) ---
Porta        Rx Pkts    Tx Pkts    Rx Bytes   Tx Bytes
-------------------------------------------------------
fffffffe          0          0          0          0
   1       7608   76374588     320408 6567877080
   2   38510970   37905904 3311313920 3258697972
   3   37921859   38510032 3259696794 3311099268
--- Monitoramento de Tráfego (Switch 2) ---
Porta        Rx Pkts    Tx Pkts    Rx Bytes   Tx Bytes
-------------------------------------------------------
fffffffe          0          0          0          0
   1       8892   76444662     374236 6573860332
   2   38546546   37918628 3314613408 3260492564
   3   37944811   38550369 3262037062 3314695250
--- Monitoramento de Tráfego (Switch 5) ---
Porta        Rx Pkts    Tx Pkts    Rx Bytes   Tx Bytes
-------------------------------------------------------
fffffffe          0          0          0          0
   1      18028   76396162     978616 6569730848
   2   37904183   38518600 3259354006 3312074584
   3   38533673   37917364 3312709570 3260022440
--- Monitoramento de Tráfego (Switch 6) ---
Porta        Rx Pkts    Tx Pkts    Rx Bytes   Tx Bytes
-------------------------------------------------------
fffffffe          0          0          0          0
   1      23745   78896115    1273498 6784283470
   2   39790634   39156791 3420923024 3366577862
   3   39163289   39798846 3366889366 3421258068
--- Monitoramento de Tráfego (Switch 1) ---
Porta        Rx Pkts    Tx Pkts    Rx Bytes   Tx Bytes
-------------------------------------------------------
fffffffe          0          0          0          0
   1      13584   78967162    1167728 6790376296
   2   39176642   39822991 3368444496 3424156250
   3   39820279   39186592 3423772886 3369399864
--- Monitoramento de Tráfego (Switch 4) ---
Porta        Rx Pkts    Tx Pkts    Rx Bytes   Tx Bytes
-------------------------------------------------------
fffffffe          0          0          0          0
   1      38769   78940653    1886406 6788101294
   2   39804551   39197694 3422173690 3369113672
   3   39176028   39809924 3368228240 3422577236
--- Monitoramento de Tráfego (Switch 5) ---
Porta        Rx Pkts    Tx Pkts    Rx Bytes   Tx Bytes
-------------------------------------------------------
fffffffe          0          0          0          0
   1      19397   79049334    1039074 6797433064
   2   39221218   39855876 3372371292 3426827468
   3   39874790   39238108 3427770996 3373308512
--- Monitoramento de Tráfego (Switch 2) ---
Porta        Rx Pkts    Tx Pkts    Rx Bytes   Tx Bytes
-------------------------------------------------------
fffffffe          0          0          0          0
   1       9235   79086219     388642 6800565578
   2   39877419   39230286 3428827458 3373048140
   3   39254519   39879977 3374396450 3428791946
--- Monitoramento de Tráfego (Switch 3) ---
Porta        Rx Pkts    Tx Pkts    Rx Bytes   Tx Bytes
-------------------------------------------------------
fffffffe          0          0          0          0
   1       8042   79020347     338636 6794943594
   2   39847236   39223016 3425982180 3371693372
   3   39237251   39844072 3372506862 3425564720
--- Monitoramento de Tráfego (Switch 6) ---
Porta        Rx Pkts    Tx Pkts    Rx Bytes   Tx Bytes
-------------------------------------------------------
fffffffe          0          0          0          0
   1      24657   81429895    1311802 7001740798
   2   41061856   40409560 3529982232 3474046860
   3   40418842   41073212 3474591432 3530576576
--- Monitoramento de Tráfego (Switch 1) ---
Porta        Rx Pkts    Tx Pkts    Rx Bytes   Tx Bytes
-------------------------------------------------------
fffffffe          0          0          0          0
   1      13648   81487050    1173232 7006641912
   2   40427620   41092428 3475800096 3533095288
   3   41088681   40435859 3532609206 3476609262
--- Monitoramento de Tráfego (Switch 4) ---
Porta        Rx Pkts    Tx Pkts    Rx Bytes   Tx Bytes
-------------------------------------------------------
fffffffe          0          0          0          0
   1      40383   81458867    1959826 7004221550
   2   41074177   40450055 3531110014 3476521638
   3   40428424   41081161 3475665264 3531638598
--- Monitoramento de Tráfego (Switch 3) ---
Porta        Rx Pkts    Tx Pkts    Rx Bytes   Tx Bytes
-------------------------------------------------------
fffffffe          0          0          0          0
   1       8453   81521482     355898 7009597268
   2   41103773   40461672 3533809070 3477962300
   3   40480798   41104005 3479158936 3533669310
--- Monitoramento de Tráfego (Switch 2) ---
Porta        Rx Pkts    Tx Pkts    Rx Bytes   Tx Bytes
-------------------------------------------------------
fffffffe          0          0          0          0
   1       9558   81575507     402208 7014205190
   2   41133886   40468544 3536653444 3479312368
   3   40491289   41134179 3480502926 3536418418
--- Monitoramento de Tráfego (Switch 5) ---
Porta        Rx Pkts    Tx Pkts    Rx Bytes   Tx Bytes
-------------------------------------------------------
fffffffe          0          0          0          0
   1      20707   81541219    1096822 7011295522
   2   40458919   41111211 3478588666 3534542690
   3   41129405   40474884 3535397458 3479398688
--- Monitoramento de Tráfego (Switch 6) ---
Porta        Rx Pkts    Tx Pkts    Rx Bytes   Tx Bytes
-------------------------------------------------------
fffffffe          0          0          0          0
   1      25499   83800747    1347166 7205216230
   2   42256559   41587258 3632472066 3575081928
   3   41597743   42269763 3575718934 3633220314
--- Monitoramento de Tráfego (Switch 1) ---
Porta        Rx Pkts    Tx Pkts    Rx Bytes   Tx Bytes
-------------------------------------------------------
fffffffe          0          0          0          0
   1      13708   83865858    1178392 7210799860
   2   41608068   42290801 3577105252 3635932434
   3   42287813   41616993 3635496862 3577974346
--- Monitoramento de Tráfego (Switch 4) ---
Porta        Rx Pkts    Tx Pkts    Rx Bytes   Tx Bytes
-------------------------------------------------------
fffffffe          0          0          0          0
   1      41914   83837770    2029408 7208387356
   2   42272754   41631781 3633943860 3577872310
   3   41609896   42280041 3577024140 3634487130
--- Monitoramento de Tráfego (Switch 5) ---
Porta        Rx Pkts    Tx Pkts    Rx Bytes   Tx Bytes
-------------------------------------------------------
fffffffe          0          0          0          0
   1      21953   83928962    1151894 7216219732
   2   41644001   42314843 3580292298 3637816378
   3   42332496   41660598 3638603168 3581110496
--- Monitoramento de Tráfego (Switch 2) ---
Porta        Rx Pkts    Tx Pkts    Rx Bytes   Tx Bytes
-------------------------------------------------------
fffffffe          0          0          0          0
   1       9868   83961147     415228 7218949054
   2   42332762   41650551 3639533384 3580751038
   3   41677914   42337723 3582307596 3639690686
--- Monitoramento de Tráfego (Switch 3) ---
Porta        Rx Pkts    Tx Pkts    Rx Bytes   Tx Bytes
-------------------------------------------------------
fffffffe          0          0          0          0
   1       8841   83905493     372194 7214200302
   2   42308071   41647961 3637146234 3579737982
   3   41665562   42305400 3580769448 3636745352
--- Monitoramento de Tráfego (Switch 6) ---
Porta        Rx Pkts    Tx Pkts    Rx Bytes   Tx Bytes
-------------------------------------------------------
fffffffe          0          0          0          0
   1      26385   86306559    1384378 7420272902
   2   43520108   42830795 3740866124 3681762998
   3   42840682   43531320 3682338456 3741441432
--- Monitoramento de Tráfego (Switch 4) ---
Porta        Rx Pkts    Tx Pkts    Rx Bytes   Tx Bytes
-------------------------------------------------------
fffffffe          0          0          0          0
   1      43524   86335218    2102484 7422725432
   2   43533535   42875730 3742111378 3684550936
   3   42849053   43538382 3683329606 3742433768
--- Monitoramento de Tráfego (Switch 1) ---
Porta        Rx Pkts    Tx Pkts    Rx Bytes   Tx Bytes
-------------------------------------------------------
fffffffe          0          0          0          0
   1      13772   86365966    1183896 7425367708
   2   42852128   43553739 3683868376 3744303986
   3   43549589   42858921 3743753390 3684556318
--- Monitoramento de Tráfego (Switch 3) ---
Porta        Rx Pkts    Tx Pkts    Rx Bytes   Tx Bytes
-------------------------------------------------------
fffffffe          0          0          0          0
   1       9246   86409161     389204 7429074262
   2   43566758   42889193 3745146808 3686217010
   3   42908219   43566240 3687338274 3744917884
--- Monitoramento de Tráfego (Switch 2) ---
Porta        Rx Pkts    Tx Pkts    Rx Bytes   Tx Bytes
-------------------------------------------------------
fffffffe          0          0          0          0
   1      10196   86475640     429004 7434751400
   2   43600032   42897785 3748275872 3687786346
   3   42926524   43604559 3689419976 3748390318
--- Monitoramento de Tráfego (Switch 5) ---
Porta        Rx Pkts    Tx Pkts    Rx Bytes   Tx Bytes
-------------------------------------------------------
fffffffe          0          0          0          0
   1      23259   86435918    1209562 7431375500
   2   42887114   43579062 3686975468 3746281936
   3   43599233   42906409 3747265650 3687977198
--- Monitoramento de Tráfego (Switch 6) ---
Porta        Rx Pkts    Tx Pkts    Rx Bytes   Tx Bytes
-------------------------------------------------------
fffffffe          0          0          0          0
   1      27325   88924535    1423858 7644957662
   2   44840274   44130987 3854125848 3793309534
   3   44140791   44851592 3793858238 3854700152
--- Monitoramento de Tráfego (Switch 4) ---
Porta        Rx Pkts    Tx Pkts    Rx Bytes   Tx Bytes
-------------------------------------------------------
fffffffe          0          0          0          0
   1      45210   88983580    2179236 7650017128
   2   44868706   44192513 3856666664 3797486030
   3   44165206   44873750 3796245584 3856997928
--- Monitoramento de Tráfego (Switch 3) ---
Porta        Rx Pkts    Tx Pkts    Rx Bytes   Tx Bytes
-------------------------------------------------------
fffffffe          0          0          0          0
   1       9676   89059650     407264 7656548556
   2   44903428   44205527 3859844332 3799143966
   3   44228417   44905101 3800565546 3859789610
--- Monitoramento de Tráfego (Switch 1) ---
Porta        Rx Pkts    Tx Pkts    Rx Bytes   Tx Bytes
-------------------------------------------------------
fffffffe          0          0          0          0
   1      13839   89020457    1189658 7653185726
   2   44166298   44888452 3796643892 3858840976
   3   44886131   44174699 3858434174 3797470038
--- Monitoramento de Tráfego (Switch 5) ---
Porta        Rx Pkts    Tx Pkts    Rx Bytes   Tx Bytes
-------------------------------------------------------
fffffffe          0          0          0          0
   1      24647   89093614    1270862 7659469008
   2   44206726   44917749 3800218624 3861146998
   3   44938788   44227267 3862180252 3801276502
--- Monitoramento de Tráfego (Switch 2) ---
Porta        Rx Pkts    Tx Pkts    Rx Bytes   Tx Bytes
-------------------------------------------------------
fffffffe          0          0          0          0
   1      10542   89140129     443536 7663427994
   2   44942333   44220523 3863464770 3801297554
   3   44250371   44947902 3802991210 3863660796
--- Monitoramento de Tráfego (Switch 6) ---
Porta        Rx Pkts    Tx Pkts    Rx Bytes   Tx Bytes
-------------------------------------------------------
fffffffe          0          0          0          0
   1      28163   91357449    1459054 7853759582
   2   46066376   45340178 3959324896 3897047160
   3   45350240   46078558 3897599432 3959969892
--- Monitoramento de Tráfego (Switch 4) ---
Porta        Rx Pkts    Tx Pkts    Rx Bytes   Tx Bytes
-------------------------------------------------------
fffffffe          0          0          0          0
   1      46763   91395632    2249830 7857027740
   2   46081493   45387959 3960728774 3900009070
   3   45363330   46090474 3899033080 3961392512
--- Monitoramento de Tráfego (Switch 3) ---
Porta        Rx Pkts    Tx Pkts    Rx Bytes   Tx Bytes
-------------------------------------------------------
fffffffe          0          0          0          0
   1      10065   91464844     423602 7862971264
   2   46115983   45400775 3963900954 3901676454
   3   45422632   46117112 3902982060 3963785044
--- Monitoramento de Tráfego (Switch 1) ---
Porta        Rx Pkts    Tx Pkts    Rx Bytes   Tx Bytes
-------------------------------------------------------
fffffffe          0          0          0          0
   1      13900   91425315    1194904 7859579298
   2   45360403   46099549 3899115138 3962777962
   3   46098723   45370487 3962487578 3900085954
--- Monitoramento de Tráfego (Switch 5) ---
Porta        Rx Pkts    Tx Pkts    Rx Bytes   Tx Bytes
-------------------------------------------------------
fffffffe          0          0          0          0
   1      25897   91491240    1326002 7865242424
   2   45396704   46127156 3902336080 3964928028
   3   46145212   45417360 3965689188 3903357232
--- Monitoramento de Tráfego (Switch 2) ---
Porta        Rx Pkts    Tx Pkts    Rx Bytes   Tx Bytes
-------------------------------------------------------
fffffffe          0          0          0          0
   1      10856   91531496     456724 7868664144
   2   46147657   45408157 3966907078 3903213726
   3   45438101   46151802 3904878254 3966974668
--- Monitoramento de Tráfego (Switch 6) ---
Porta        Rx Pkts    Tx Pkts    Rx Bytes   Tx Bytes
-------------------------------------------------------
fffffffe          0          0          0          0
   1      28998   93852347    1494124 8067886318
   2   47323118   46578771 4067140808 4003306242
   3   46589519   47335017 4003906914 4067764730
--- Monitoramento de Tráfego (Switch 1) ---
Porta        Rx Pkts    Tx Pkts    Rx Bytes   Tx Bytes
-------------------------------------------------------
fffffffe          0          0          0          0
   1      13963   93900594    1200322 8072022600
   2   46589121   47346730 4004563838 4069809348
   3   47344640   46597869 4069398144 4005419986
--- Monitoramento de Tráfego (Switch 4) ---
Porta        Rx Pkts    Tx Pkts    Rx Bytes   Tx Bytes
-------------------------------------------------------
fffffffe          0          0          0          0
   1      48350   93875218    2322028 8069839188
   2   47331693   46620960 4067994554 4005749580
   3   46595115   47340119 4004708482 4068599498
--- Monitoramento de Tráfego (Switch 2) ---
Porta        Rx Pkts    Tx Pkts    Rx Bytes   Tx Bytes
-------------------------------------------------------
fffffffe          0          0          0          0
   1      11174   93986304     470080 8079350488
   2   47384474   46626554 4073048704 4007776348
   3   46656259   47388235 4009386202 4073073686
--- Monitoramento de Tráfego (Switch 3) ---
Porta        Rx Pkts    Tx Pkts    Rx Bytes   Tx Bytes
-------------------------------------------------------
fffffffe          0          0          0          0
   1      10463   93938241     440318 8075253090
   2   47360058   46629758 4070655364 4007112724
   3   46652585   47361474 4008462030 4070550004
--- Monitoramento de Tráfego (Switch 5) ---
Porta        Rx Pkts    Tx Pkts    Rx Bytes   Tx Bytes
-------------------------------------------------------
fffffffe          0          0          0          0
   1      27148   93960229    1381328 8077145406
   2   46622875   47369103 4007565970 4071497206
   3   47387258   46641850 4072247196 4008396236
--- Monitoramento de Tráfego (Switch 6) ---
Porta        Rx Pkts    Tx Pkts    Rx Bytes   Tx Bytes
-------------------------------------------------------
fffffffe          0          0          0          0
   1      29853   96416846    1530034 8287987644
   2   48618360   47854696 4178253468 4112771988
   3   47864328   48627261 4113257444 4178618238
--- Monitoramento de Tráfego (Switch 4) ---
Porta        Rx Pkts    Tx Pkts    Rx Bytes   Tx Bytes
-------------------------------------------------------
fffffffe          0          0          0          0
   1      50003   96459466    2397218 8291635376
   2   48633436   47905532 4179679592 4115923528
   3   47876746   48641485 4114663600 4180237722
--- Monitoramento de Tráfego (Switch 1) ---
Porta        Rx Pkts    Tx Pkts    Rx Bytes   Tx Bytes
-------------------------------------------------------
fffffffe          0          0          0          0
   1      14028   96479333    1205912 8293345698
   2   47868596   48645328 4114362668 4181245656
   3   48642177   47876496 4180730670 4115146048
--- Monitoramento de Tráfego (Switch 3) ---
Porta        Rx Pkts    Tx Pkts    Rx Bytes   Tx Bytes
-------------------------------------------------------
fffffffe          0          0          0          0
   1      10885   96512711     458042 8296209950
   2   48658145   47908140 4182038070 4116794624
   3   47930466   48659028 4118061736 4181875528
--- Monitoramento de Tráfego (Switch 5) ---
Porta        Rx Pkts    Tx Pkts    Rx Bytes   Tx Bytes
-------------------------------------------------------
fffffffe          0          0          0          0
   1      28435   96538825    1438198 8298456286
   2   47903502   48670194 4117463728 4183134912
   3   48690903   47926672 4184078618 4118605204
--- Monitoramento de Tráfego (Switch 2) ---
Porta        Rx Pkts    Tx Pkts    Rx Bytes   Tx Bytes
-------------------------------------------------------
fffffffe          0          0          0          0
   1      11510   96582789     484192 8302196842
   2   48692644   47916140 4185306604 4118443216
   3   47947405   48697952 4120162994 4185454164
--- Monitoramento de Tráfego (Switch 6) ---
Porta        Rx Pkts    Tx Pkts    Rx Bytes   Tx Bytes
-------------------------------------------------------
fffffffe          0          0          0          0
   1      30703   98956643    1565734 8505968718
   2   49897088   49114356 4287928732 4220838324
   3   49127050   49908882 4221571792 4288541708
--- Monitoramento de Tráfego (Switch 1) ---
Porta        Rx Pkts    Tx Pkts    Rx Bytes   Tx Bytes
-------------------------------------------------------
fffffffe          0          0          0          0
   1      14092   99029993    1211416 8512257686
   2   49136460   49931564 4223166300 4291594724
   3   49933640   49148016 4291519952 4224264092
--- Monitoramento de Tráfego (Switch 4) ---
Porta        Rx Pkts    Tx Pkts    Rx Bytes   Tx Bytes
-------------------------------------------------------
fffffffe          0          0          0          0
   1      51642   98998721    2471820 8509568306
   2   49913740   49168163 4289500184 4224208438
   3   49141341   49924238 4223153674 4290258084
--- Monitoramento de Tráfego (Switch 3) ---
Porta        Rx Pkts    Tx Pkts    Rx Bytes   Tx Bytes
-------------------------------------------------------
fffffffe          0          0          0          0
   1      11300   99075784     475472 8516187052
   2   49949389   49181750 4292808514 4226055656
   3   49205596   49950545 4227419004 4292658042
--- Monitoramento de Tráfego (Switch 5) ---
Porta        Rx Pkts    Tx Pkts    Rx Bytes   Tx Bytes
-------------------------------------------------------
fffffffe          0          0          0          0
   1      29700   99095693    1494200 8517902214
   2   49173080   49959388 4226414824 4293729568
   3   49980465   49196462 4294683598 4227525416
--- Monitoramento de Tráfego (Switch 2) ---
Porta        Rx Pkts    Tx Pkts    Rx Bytes   Tx Bytes
-------------------------------------------------------
fffffffe          0          0          0          0
   1      11844   99138182     498220 8521516396
   2   49979934   49184068 4295746192 4227252068
   3   49218120   49985560 4229175860 4295912956
--- Monitoramento de Tráfego (Switch 6) ---
Porta        Rx Pkts    Tx Pkts    Rx Bytes   Tx Bytes
-------------------------------------------------------
fffffffe          0          0          0          0
   1      31519  101404143    1600006 8716027814
   2   51131273   50329800 4393820122 4325112860
   3   50341786   51142130 4325774488 4394350192
--- Monitoramento de Tráfego (Switch 1) ---
Porta        Rx Pkts    Tx Pkts    Rx Bytes   Tx Bytes
-------------------------------------------------------
fffffffe          0          0          0          0
   1      14153  101458472    1216662 8720684664
   2   50341983   51154893 4326623442 4396585206
   3   51153949   50351075 4396236558 4327509406
--- Monitoramento de Tráfego (Switch 4) ---
Porta        Rx Pkts    Tx Pkts    Rx Bytes   Tx Bytes
-------------------------------------------------------
fffffffe          0          0          0          0
   1      53215  101429563    2543254 8718198234
   2   51139013   50376993 4394638138 4327883206
   3   50347287   51148645 4326613342 4395309282
--- Monitoramento de Tráfego (Switch 5) ---
Porta        Rx Pkts    Tx Pkts    Rx Bytes   Tx Bytes
-------------------------------------------------------
fffffffe          0          0          0          0
   1      30901  101525655    1547370 8726457062
   2   50379255   51183836 4329928082 4398798256
   3   51203930   50403246 4399645004 4331047536
--- Monitoramento de Tráfego (Switch 3) ---
Porta        Rx Pkts    Tx Pkts    Rx Bytes   Tx Bytes
-------------------------------------------------------
fffffffe          0          0          0          0
   1      11697  101502886     492146 8724495708
   2   51174475   50387519 4397940962 4329498314
   3   50412633   51175136 4330940770 4397734476
--- Monitoramento de Tráfego (Switch 2) ---
Porta        Rx Pkts    Tx Pkts    Rx Bytes   Tx Bytes
-------------------------------------------------------
fffffffe          0          0          0          0
   1      12160  101561101     511492 8729465626
   2   51200297   50387781 4400477394 4330553918
   3   50419950   51204594 4332281304 4400522500
--- Monitoramento de Tráfego (Switch 6) ---
Porta        Rx Pkts    Tx Pkts    Rx Bytes   Tx Bytes
-------------------------------------------------------
fffffffe          0          0          0          0
   1      32919  103954877    1658862 8934925618
   2   52416698   51597890 4504084492 4433892848
   3   51611109   52429352 4434651134 4504738520
--- Monitoramento de Tráfego (Switch 4) ---
Porta        Rx Pkts    Tx Pkts    Rx Bytes   Tx Bytes
-------------------------------------------------------
fffffffe          0          0          0          0
   1      54866  103994553    2618360 8938317866
   2   52430742   51651444 4505457116 4437175664
   3   51618656   52438267 4435674048 4505935106
--- Monitoramento de Tráfego (Switch 1) ---
Porta        Rx Pkts    Tx Pkts    Rx Bytes   Tx Bytes
-------------------------------------------------------
fffffffe          0          0          0          0
   1      14217  104019582    1222166 8940470488
   2   51614670   52444856 4435823252 4507275352
   3   52446256   51623917 4507117964 4436732958
--- Monitoramento de Tráfego (Switch 2) ---
Porta        Rx Pkts    Tx Pkts    Rx Bytes   Tx Bytes
-------------------------------------------------------
fffffffe          0          0          0          0
   1      12494  104127936     525520 8949742828
   2   52494374   51661039 4511524384 4439801798
   3   51695270   52499391 4441679200 4511623734
--- Monitoramento de Tráfego (Switch 5) ---
Porta        Rx Pkts    Tx Pkts    Rx Bytes   Tx Bytes
-------------------------------------------------------
fffffffe          0          0          0          0
   1      32114  104087282    1601132 8946287268
   2   51650019   52473629 4438972438 4509466482
   3   52496178   51676154 4510468780 4440229652
--- Monitoramento de Tráfego (Switch 3) ---
Porta        Rx Pkts    Tx Pkts    Rx Bytes   Tx Bytes
-------------------------------------------------------
fffffffe          0          0          0          0
   1      12109  104060007     509450 8943940142
   2   52460532   51657141 4508289252 4438408726
   3   51681422   52460351 4439745588 4507997434
--- Monitoramento de Tráfego (Switch 6) ---
Porta        Rx Pkts    Tx Pkts    Rx Bytes   Tx Bytes
-------------------------------------------------------
fffffffe          0          0          0          0
   1      34749  106346794    1735722 9140174536
   2   53624034   52787870 4607656140 4535959812
   3   52799704   53635768 4536591632 4608178760
--- Monitoramento de Tráfego (Switch 4) ---
Porta        Rx Pkts    Tx Pkts    Rx Bytes   Tx Bytes
-------------------------------------------------------
fffffffe          0          0          0          0
   1      56373  106378876    2687110 9142915300
   2   53631416   52837029 4608462412 4538829682
   3   52804318   53641882 4537370592 4609188016
--- Monitoramento de Tráfego (Switch 1) ---
Porta        Rx Pkts    Tx Pkts    Rx Bytes   Tx Bytes
-------------------------------------------------------
fffffffe          0          0          0          0
   1      14276  106401436    1227240 9144855668
   2   52796368   53644595 4537214596 4610222018
   3   53643438   52803726 4609834912 4537963636
--- Monitoramento de Tráfego (Switch 5) ---
Porta        Rx Pkts    Tx Pkts    Rx Bytes   Tx Bytes
-------------------------------------------------------
fffffffe          0          0          0          0
   1      33247  106460545    1651226 9149934946
   2   52829923   53670114 4540211514 4612123988
   3   53693347   52854606 4613117294 4541300080
--- Monitoramento de Tráfego (Switch 2) ---
Porta        Rx Pkts    Tx Pkts    Rx Bytes   Tx Bytes
-------------------------------------------------------
fffffffe          0          0          0          0
   1      12802  106496733     538456 9153007338
   2   53686003   52837725 4613775386 4540763130
   3   52870298   53689537 4542458576 4613739142
--- Monitoramento de Tráfego (Switch 3) ---
Porta        Rx Pkts    Tx Pkts    Rx Bytes   Tx Bytes
-------------------------------------------------------
fffffffe          0          0          0          0
   1      12505  106438755     526082 9148058538
   2   53659531   52839691 4611164422 4539833262
   3   52866027   53661398 4541315270 4611034960
--- Monitoramento de Tráfego (Switch 6) ---
Porta        Rx Pkts    Tx Pkts    Rx Bytes   Tx Bytes
-------------------------------------------------------
fffffffe          0          0          0          0
   1      36648  108836232    1815536 9353790204
   2   54876389   54022514 4715091506 4641860932
   3   54033331   54889278 4642395234 4715666392
--- Monitoramento de Tráfego (Switch 4) ---
Porta        Rx Pkts    Tx Pkts    Rx Bytes   Tx Bytes
-------------------------------------------------------
fffffffe          0          0          0          0
   1      57961  108857739    2759306 9355622582
   2   54881715   54070223 4715729462 4644570526
   3   54040214   54893737 4643379132 4716579558
--- Monitoramento de Tráfego (Switch 3) ---
Porta        Rx Pkts    Tx Pkts    Rx Bytes   Tx Bytes
-------------------------------------------------------
fffffffe          0          0          0          0
   1      12916  108946402     543344 9363236032
   2   54923122   54084729 4719579452 4646630066
   3   54114104   54927474 4648334284 4719651932
--- Monitoramento de Tráfego (Switch 5) ---
Porta        Rx Pkts    Tx Pkts    Rx Bytes   Tx Bytes
-------------------------------------------------------
fffffffe          0          0          0          0
   1      34440  108977107    1704104 9365878474
   2   54083339   54940716 4647756010 4721136128
   3   54964786   54109206 4722133268 4648903856
--- Monitoramento de Tráfego (Switch 1) ---
Porta        Rx Pkts    Tx Pkts    Rx Bytes   Tx Bytes
-------------------------------------------------------
fffffffe          0          0          0          0
   1      14339  108902278    1232658 9359449960
   2   54037733   54903679 4643724614 4718260762
   3   54905976   54047750 4718160056 4644702016
--- Monitoramento de Tráfego (Switch 2) ---
Porta        Rx Pkts    Tx Pkts    Rx Bytes   Tx Bytes
-------------------------------------------------------
fffffffe          0          0          0          0
   1      13130  109027115     552232 9370136694
   2   54961345   54094052 4723201082 4648557092
   3   54126204   54965521 4650188760 4723210918
--- Monitoramento de Tráfego (Switch 6) ---
Porta        Rx Pkts    Tx Pkts    Rx Bytes   Tx Bytes
-------------------------------------------------------
fffffffe          0          0          0          0
   1      38612  111445283    1898024 9577670702
   2   56191843   55318043 4827919698 4752983634
   3   55331690   56206821 4753742200 4828625974
--- Monitoramento de Tráfego (Switch 4) ---
Porta        Rx Pkts    Tx Pkts    Rx Bytes   Tx Bytes
-------------------------------------------------------
fffffffe          0          0          0          0
   1      59660  111491170    2836516 9581593384
   2   56208496   55378841 4829540988 4756783294
   3   55346400   56218616 4755416248 4830216384
--- Monitoramento de Tráfego (Switch 1) ---
Porta        Rx Pkts    Tx Pkts    Rx Bytes   Tx Bytes
-------------------------------------------------------
fffffffe          0          0          0          0
   1      14405  111513520    1238334 9583518488
   2   55335917   56219695 4755097342 4831168562
   3   56220598   55344701 4830936772 4755970142
--- Monitoramento de Tráfego (Switch 3) ---
Porta        Rx Pkts    Tx Pkts    Rx Bytes   Tx Bytes
-------------------------------------------------------
fffffffe          0          0          0          0
   1      13338  111556313     561068 9587188958
   2   56237768   55382383 4832365792 4757939090
   3   55410019   56240296 4759456358 4832269208
--- Monitoramento de Tráfego (Switch 2) ---
Porta        Rx Pkts    Tx Pkts    Rx Bytes   Tx Bytes
-------------------------------------------------------
fffffffe          0          0          0          0
   1      13467  111611874     566386 9591932492
   2   56263072   55378495 4834890904 4758750726
   3   55413686   56268697 4760623872 4835019522
--- Monitoramento de Tráfego (Switch 5) ---
Porta        Rx Pkts    Tx Pkts    Rx Bytes   Tx Bytes
-------------------------------------------------------
fffffffe          0          0          0          0
   1      35666  111577838    1758500 9589044676
   2   55370168   56247756 4758155260 4833267224
   3   56272942   55398431 4834295080 4759466094
--- Monitoramento de Tráfego (Switch 6) ---
Porta        Rx Pkts    Tx Pkts    Rx Bytes   Tx Bytes
-------------------------------------------------------
fffffffe          0          0          0          0
   1      40476  113908126    1976368 9789000036
   2   57433339   56542653 4934419738 4858022254
   3   56553584   57445574 4858536008 4934844708
--- Monitoramento de Tráfego (Switch 4) ---
Porta        Rx Pkts    Tx Pkts    Rx Bytes   Tx Bytes
-------------------------------------------------------
fffffffe          0          0          0          0
   1      61231  113928190    2907866 9790705528
   2   57435620   56590666 4934810608 4860682456
   3   56557746   57446801 4859316872 4935573670
--- Monitoramento de Tráfego (Switch 1) ---
Porta        Rx Pkts    Tx Pkts    Rx Bytes   Tx Bytes
-------------------------------------------------------
fffffffe          0          0          0          0
   1      14502  113949046    1246676 9792503104
   2   56545489   57446219 4858878266 4936412430
   3   57449603   56554894 4936384390 4859804876
--- Monitoramento de Tráfego (Switch 5) ---
Porta        Rx Pkts    Tx Pkts    Rx Bytes   Tx Bytes
-------------------------------------------------------
fffffffe          0          0          0          0
   1      36812  114013051    1809316 9798003406
   2   56580272   57474316 4861982784 4938505096
   3   57502333   56610094 4939710838 4863383112
--- Monitoramento de Tráfego (Switch 3) ---
Porta        Rx Pkts    Tx Pkts    Rx Bytes   Tx Bytes
-------------------------------------------------------
fffffffe          0          0          0          0
   1      13739  113997886     577910 9796693388
   2   57466657   56595221 4937800962 4861957746
   3   56623634   57468985 4863509548 4937673286
--- Monitoramento de Tráfego (Switch 2) ---
Porta        Rx Pkts    Tx Pkts    Rx Bytes   Tx Bytes
-------------------------------------------------------
fffffffe          0          0          0          0
   1      13787  114041286     579826 9800392752
   2   57486509   56584428 4939869954 4862219324
   3   56621595   57492369 4864219630 4940007170
--- Monitoramento de Tráfego (Switch 6) ---
Porta        Rx Pkts    Tx Pkts    Rx Bytes   Tx Bytes
-------------------------------------------------------
fffffffe          0          0          0          0
   1      42290  116441787    2052556 10006423158
   2   58709123   57798357 5043861402 4965747466
   3   57811572   58724899 4966440420 5044535610
--- Monitoramento de Tráfego (Switch 4) ---
Porta        Rx Pkts    Tx Pkts    Rx Bytes   Tx Bytes
-------------------------------------------------------
fffffffe          0          0          0          0
   1      62895  116504927    2983386 10011825770
   2   58735664   57871512 5046346208 4970529688
   3   57838873   58750159 4969223742 5047382154
--- Monitoramento de Tráfego (Switch 1) ---
Porta        Rx Pkts    Tx Pkts    Rx Bytes   Tx Bytes
-------------------------------------------------------
fffffffe          0          0          0          0
   1      14654  116538711    1259748 10014732546
   2   57828813   58751262 4968992550 5048399524
   3   58752746   57837377 5048195632 4969852010
--- Monitoramento de Tráfego (Switch 3) ---
Porta        Rx Pkts    Tx Pkts    Rx Bytes   Tx Bytes
-------------------------------------------------------
fffffffe          0          0          0          0
   1      14160  116579565     595592 10018238178
   2   58768961   57877029 5049544638 4971910018
   3   57906787   58771380 4973555078 5049410192
--- Monitoramento de Tráfego (Switch 5) ---
Porta        Rx Pkts    Tx Pkts    Rx Bytes   Tx Bytes
-------------------------------------------------------
fffffffe          0          0          0          0
   1      37928  116606058    1859048 10020520696
   2   57866383   58781275 4972341250 5050643482
   3   58810449   57896541 5051872098 4973729418
--- Monitoramento de Tráfego (Switch 2) ---
Porta        Rx Pkts    Tx Pkts    Rx Bytes   Tx Bytes
-------------------------------------------------------
fffffffe          0          0          0          0
   1      14125  116647608     594022 10024052948
   2   58800379   57878201 5052614430 4973230878
   3   57915472   58807173 4975208268 5052823194
--- Monitoramento de Tráfego (Switch 6) ---
Porta        Rx Pkts    Tx Pkts    Rx Bytes   Tx Bytes
-------------------------------------------------------
fffffffe          0          0          0          0
   1      44080  119034404    2127792 10228920552
   2   60023966   59091895 5156644456 5076733398
   3   59104203   60040190 5077326234 5157303632
--- Monitoramento de Tráfego (Switch 4) ---
Porta        Rx Pkts    Tx Pkts    Rx Bytes   Tx Bytes
-------------------------------------------------------
fffffffe          0          0          0          0
   1      64570  119090833    3059500 10233747138
   2   60038227   59155638 5158091322 5080677264
   3   59119531   60050382 5079104374 5158909496
--- Monitoramento de Tráfego (Switch 3) ---
Porta        Rx Pkts    Tx Pkts    Rx Bytes   Tx Bytes
-------------------------------------------------------
fffffffe          0          0          0          0
   1      14578  119167033     613148 10240294518
   2   60074754   59165350 5161578016 5082441324
   3   59191900   60076634 5083788384 5161386816
--- Monitoramento de Tráfego (Switch 1) ---
Porta        Rx Pkts    Tx Pkts    Rx Bytes   Tx Bytes
-------------------------------------------------------
fffffffe          0          0          0          0
   1      14774  119120304    1270068 10236284076
   2   59111244   60052631 5079042764 5160065714
   3   60056908   59120959 5160087844 5080001222
--- Monitoramento de Tráfego (Switch 5) ---
Porta        Rx Pkts    Tx Pkts    Rx Bytes   Tx Bytes
-------------------------------------------------------
fffffffe          0          0          0          0
   1      38975  119192343    1905838 10242475122
   2   59150216   60084433 5082511992 5162447894
   3   60117776   59182027 5163953500 5084003550
--- Monitoramento de Tráfego (Switch 2) ---
Porta        Rx Pkts    Tx Pkts    Rx Bytes   Tx Bytes
-------------------------------------------------------
fffffffe          0          0          0          0
   1      14462  119233457     608176 10245970606
   2   60104376   59160848 5164506344 5083299828
   3   59198843   60111416 5085314534 5164723964
--- Monitoramento de Tráfego (Switch 6) ---
Porta        Rx Pkts    Tx Pkts    Rx Bytes   Tx Bytes
-------------------------------------------------------
fffffffe          0          0          0          0
   1      45740  121506454    2197512 10441077184
   2   61265560   60313412 5263148636 5181543004
   3   60327678   61284673 5182291916 5264004146
--- Monitoramento de Tráfego (Switch 1) ---
Porta        Rx Pkts    Tx Pkts    Rx Bytes   Tx Bytes
-------------------------------------------------------
fffffffe          0          0          0          0
   1      14872  121564178    1278496 10446022740
   2   60322387   61284340 5182985374 5265755376
   3   61286570   60331723 5265584444 5183911210
--- Monitoramento de Tráfego (Switch 4) ---
Porta        Rx Pkts    Tx Pkts    Rx Bytes   Tx Bytes
-------------------------------------------------------
fffffffe          0          0          0          0
   1      66145  121538101    3131106 10443776986
   2   61273514   60371140 5264067384 5184936312
   3   60332851   61285541 5183210922 5264862698
--- Monitoramento de Tráfego (Switch 5) ---
Porta        Rx Pkts    Tx Pkts    Rx Bytes   Tx Bytes
-------------------------------------------------------
fffffffe          0          0          0          0
   1      39929  121625392    1948546 10451284744
   2   60358287   61312391 5186191570 5267799186
   3   61347486   60392085 5269390260 5187818298
--- Monitoramento de Tráfego (Switch 2) ---
Porta        Rx Pkts    Tx Pkts    Rx Bytes   Tx Bytes
-------------------------------------------------------
fffffffe          0          0          0          0
   1      14781  121670774     621574 10455146444
   2   61332081   60370604 5269850430 5187123432
   3   60410698   61341467 5189282944 5270264534
--- Monitoramento de Tráfego (Switch 3) ---
Porta        Rx Pkts    Tx Pkts    Rx Bytes   Tx Bytes
-------------------------------------------------------
fffffffe          0          0          0          0
   1      14970  121601587     629612 10449232918
   2   61300435   60370631 5266743594 5185845762
   3   60400259   61303385 5187433474 5266630166
--- Monitoramento de Tráfego (Switch 6) ---
Porta        Rx Pkts    Tx Pkts    Rx Bytes   Tx Bytes
-------------------------------------------------------
fffffffe          0          0          0          0
   1      47300  123924771    2263088 10648627094
   2   62489173   61516684 5368087182 5284792036
   3   61529472   62507170 5285403328 5368807996
--- Monitoramento de Tráfego (Switch 4) ---
Porta        Rx Pkts    Tx Pkts    Rx Bytes   Tx Bytes
-------------------------------------------------------
fffffffe          0          0          0          0
   1      67707  123948339    3202034 10650632894
   2   62490070   61569467 5368412532 5287729906
   3   61530696   62502155 5285994348 5369200986
--- Monitoramento de Tráfego (Switch 1) ---
Porta        Rx Pkts    Tx Pkts    Rx Bytes   Tx Bytes
-------------------------------------------------------
fffffffe          0          0          0          0
   1      14957  123973058    1285806 10652763056
   2   61518983   62501039 5285682542 5370134730
   3   62503837   61528542 5370004518 5286629380
--- Monitoramento de Tráfego (Switch 2) ---
Porta        Rx Pkts    Tx Pkts    Rx Bytes   Tx Bytes
-------------------------------------------------------
fffffffe          0          0          0          0
   1      15101  124107225     635014 10664252574
   2   62561123   61578876 5375291198 5290822944
   3   61617721   62567714 5292839318 5375451820
--- Monitoramento de Tráfego (Switch 3) ---
Porta        Rx Pkts    Tx Pkts    Rx Bytes   Tx Bytes
-------------------------------------------------------
fffffffe          0          0          0          0
   1      15365  124014801     646202 10656344738
   2   62516745   61568924 5371078194 5288653212
   3   61598255   62520473 5290198650 5371020834
--- Monitoramento de Tráfego (Switch 5) ---
Porta        Rx Pkts    Tx Pkts    Rx Bytes   Tx Bytes
-------------------------------------------------------
fffffffe          0          0          0          0
   1      40873  124072653    1990878 10661318350
   2   61570558   62546017 5290235220 5373624370
   3   62580389   61603526 5375087010 5291756740
--- Monitoramento de Tráfego (Switch 6) ---
Porta        Rx Pkts    Tx Pkts    Rx Bytes   Tx Bytes
-------------------------------------------------------
fffffffe          0          0          0          0
   1      48889  126420441    2329826 10862817338
   2   63743519   62752358 5475708162 5390822436
   3   62769222   63765668 5391768568 5476736096
--- Monitoramento de Tráfego (Switch 4) ---
Porta        Rx Pkts    Tx Pkts    Rx Bytes   Tx Bytes
-------------------------------------------------------
fffffffe          0          0          0          0
   1      69326  126449430    3275620 10865288832
   2   63753877   62813284 5476849514 5394415916
   3   62772106   63763935 5392517044 5477459862
--- Monitoramento de Tráfego (Switch 1) ---
Porta        Rx Pkts    Tx Pkts    Rx Bytes   Tx Bytes
-------------------------------------------------------
fffffffe          0          0          0          0
   1      15038  126481213    1292772 10868023758
   2   62761329   63763330 5392308266 5478464628
   3   63766608   62771105 5478367400 5393273626
--- Monitoramento de Tráfego (Switch 5) ---
Porta        Rx Pkts    Tx Pkts    Rx Bytes   Tx Bytes
-------------------------------------------------------
fffffffe          0          0          0          0
   1      41803  126540153    2032578 10873091350
   2   62795871   63790120 5395399510 5480384744
   3   63827562   62830234 5482043888 5397003352
--- Monitoramento de Tráfego (Switch 3) ---
Porta        Rx Pkts    Tx Pkts    Rx Bytes   Tx Bytes
-------------------------------------------------------
fffffffe          0          0          0          0
   1      15769  126519052     663170 10871271500
   2   63780348   62811741 5479510132 5395276146
   3   62843309   63784165 5396990946 5479448030
--- Monitoramento de Tráfego (Switch 2) ---
Porta        Rx Pkts    Tx Pkts    Rx Bytes   Tx Bytes
-------------------------------------------------------
fffffffe          0          0          0          0
   1      15426  126581150     648664 10876577248
   2   63806880   62806528 5482202224 5396187972
   3   62844611   63812850 5398096278 5482299188
--- Monitoramento de Tráfego (Switch 6) ---
Porta        Rx Pkts    Tx Pkts    Rx Bytes   Tx Bytes
-------------------------------------------------------
fffffffe          0          0          0          0
   1      50637  128959384    2403242 11080712376
   2   65024109   64011729 5585572222 5498886782
   3   64027553   65044685 5499728842 5586409026
--- Monitoramento de Tráfego (Switch 1) ---
Porta        Rx Pkts    Tx Pkts    Rx Bytes   Tx Bytes
-------------------------------------------------------
fffffffe          0          0          0          0
   1      15116  129041376    1299464 11087739752
   2   64031969   65053604 5501361790 5589188704
   3   65058160   64041137 5589189972 5502275594
--- Monitoramento de Tráfego (Switch 4) ---
Porta        Rx Pkts    Tx Pkts    Rx Bytes   Tx Bytes
-------------------------------------------------------
fffffffe          0          0          0          0
   1      70992  129005301    3351092 11084636514
   2   65039957   64079438 5587187630 5503016452
   3   64040398   65053670 5501346592 5588108328
--- Monitoramento de Tráfego (Switch 5) ---
Porta        Rx Pkts    Tx Pkts    Rx Bytes   Tx Bytes
-------------------------------------------------------
fffffffe          0          0          0          0
   1      42747  129133432    2075130 11095649756
   2   64081583   65097816 5505747074 5592592320
   3   65137647   64118035 5594381866 5507492710
--- Monitoramento de Tráfego (Switch 3) ---
Porta        Rx Pkts    Tx Pkts    Rx Bytes   Tx Bytes
-------------------------------------------------------
fffffffe          0          0          0          0
   1      16187  129089341     680726 11091857150
   2   65076061   64087683 5590688910 5504741730
   3   64124935   65084292 5506919210 5590991060
--- Monitoramento de Tráfego (Switch 2) ---
Porta        Rx Pkts    Tx Pkts    Rx Bytes   Tx Bytes
-------------------------------------------------------
fffffffe          0          0          0          0
   1      15765  129181488     662902 11099740768
   2   65119509   64095458 5594844478 5506811052
   3   64138264   65127463 5509080976 5595099106
--- Monitoramento de Tráfego (Switch 6) ---
Porta        Rx Pkts    Tx Pkts    Rx Bytes   Tx Bytes
-------------------------------------------------------
fffffffe          0          0          0          0
   1      52310  131403733    2473508 11290496338
   2   66258757   65225915 5691493358 5603085582
   3   65240500   66280224 5603806592 5692357916
--- Monitoramento de Tráfego (Switch 1) ---
Porta        Rx Pkts    Tx Pkts    Rx Bytes   Tx Bytes
-------------------------------------------------------
fffffffe          0          0          0          0
   1      15185  131460162    1305410 11295330620
   2   65230005   66273112 5604189938 5693834256
   3   66273570   65238071 5693474016 5605009402
--- Monitoramento de Tráfego (Switch 4) ---
Porta        Rx Pkts    Tx Pkts    Rx Bytes   Tx Bytes
-------------------------------------------------------
fffffffe          0          0          0          0
   1      72564  131426966    3422484 11292473584
   2   66261730   65282151 5692007076 5606184866
   3   65242761   66275461 5604531606 5692924774
--- Monitoramento de Tráfego (Switch 3) ---
Porta        Rx Pkts    Tx Pkts    Rx Bytes   Tx Bytes
-------------------------------------------------------
fffffffe          0          0          0          0
   1      16523  131503762     694838 11299072744
   2   66297923   65289279 5695518786 5607832942
   3   65319474   66299482 5609386524 5695238784
--- Monitoramento de Tráfego (Switch 5) ---
Porta        Rx Pkts    Tx Pkts    Rx Bytes   Tx Bytes
-------------------------------------------------------
fffffffe          0          0          0          0
   1      43510  131529013    2109816 11301248442
   2   65268622   66306942 5607631276 5696330032
   3   66343976   65301961 5697812800 5609080214
--- Monitoramento de Tráfego (Switch 2) ---
Porta        Rx Pkts    Tx Pkts    Rx Bytes   Tx Bytes
-------------------------------------------------------
fffffffe          0          0          0          0
   1      16075  131560271     675922 11303898402
   2   66319382   65274480 5697792676 5608007312
   3   65318348   66326874 5610327272 5697994716
--- Monitoramento de Tráfego (Switch 6) ---
Porta        Rx Pkts    Tx Pkts    Rx Bytes   Tx Bytes
-------------------------------------------------------
fffffffe          0          0          0          0
   1      54040  133935215    2546168 11507763750
   2   67535412   66479843 5800959184 5710699226
   3   66495586   67560257 5711498008 5802053230
--- Monitoramento de Tráfego (Switch 3) ---
Porta        Rx Pkts    Tx Pkts    Rx Bytes   Tx Bytes
-------------------------------------------------------
fffffffe          0          0          0          0
   1      16871  134013896     709454 11514507396
   2   67561132   66531076 5803865548 5714386384
   3   66563630   67565208 5716127964 5803789904
--- Monitoramento de Tráfego (Switch 4) ---
Porta        Rx Pkts    Tx Pkts    Rx Bytes   Tx Bytes
-------------------------------------------------------
fffffffe          0          0          0          0
   1      74167  133947649    3495354 11508814102
   2   67538263   66537038 5801478186 5713846988
   3   66492924   67549176 5711821848 5802139948
--- Monitoramento de Tráfego (Switch 1) ---
Porta        Rx Pkts    Tx Pkts    Rx Bytes   Tx Bytes
-------------------------------------------------------
fffffffe          0          0          0          0
   1      15251  133981275    1311086 11511707594
   2   66480116   67546305 5711483300 5803047302
   3   67546998   66488018 5802687600 5712289164
--- Monitoramento de Tráfego (Switch 5) ---
Porta        Rx Pkts    Tx Pkts    Rx Bytes   Tx Bytes
-------------------------------------------------------
fffffffe          0          0          0          0
   1      44302  134029797    2145852 11515881122
   2   66510181   67569842 5714191446 5804647660
   3   67607934   66544529 5806141440 5715697642
--- Monitoramento de Tráfego (Switch 2) ---
Porta        Rx Pkts    Tx Pkts    Rx Bytes   Tx Bytes
-------------------------------------------------------
fffffffe          0          0          0          0
   1      16400  134063863     689572 11518771974
   2   67581977   66516930 5806108766 5714643312
   3   66560696   67590391 5716928144 5806376254
--- Monitoramento de Tráfego (Switch 6) ---
Porta        Rx Pkts    Tx Pkts    Rx Bytes   Tx Bytes
-------------------------------------------------------
fffffffe          0          0          0          0
   1      55659  136337223    2614166 11713916270
   2   68750238   67672514 5905175824 5813053820
   3   67688570   68773502 5813864756 5906085796
--- Monitoramento de Tráfego (Switch 4) ---
Porta        Rx Pkts    Tx Pkts    Rx Bytes   Tx Bytes
-------------------------------------------------------
fffffffe          0          0          0          0
   1      75758  136396693    3567456 11719002834
   2   68768671   67748944 5907036174 5817808212
   3   67702827   68780599 5815654946 5907780186
--- Monitoramento de Tráfego (Switch 2) ---
Porta        Rx Pkts    Tx Pkts    Rx Bytes   Tx Bytes
-------------------------------------------------------
fffffffe          0          0          0          0
   1      16722  136518796     703096 11729466152
   2   68820906   67734331 5912419980 5819135018
   3   67778464   68830300 5821408372 5912758216
--- Monitoramento de Tráfego (Switch 3) ---
Porta        Rx Pkts    Tx Pkts    Rx Bytes   Tx Bytes
-------------------------------------------------------
fffffffe          0          0          0          0
   1      17207  136457477     723566 11724227870
   2   68793609   67743187 5909610034 5818381610
   3   67778183   68799003 5820316778 5909638846
--- Monitoramento de Tráfego (Switch 1) ---
Porta        Rx Pkts    Tx Pkts    Rx Bytes   Tx Bytes
-------------------------------------------------------
fffffffe          0          0          0          0
   1      15312  136419289    1316344 11720949578
   2   67689444   68775587 5815281852 5908530582
   3   68779444   67698139 5908434436 5816155754
--- Monitoramento de Tráfego (Switch 5) ---
Porta        Rx Pkts    Tx Pkts    Rx Bytes   Tx Bytes
-------------------------------------------------------
fffffffe          0          0          0          0
   1      45080  136478682    2181300 11726056256
   2   67724671   68804171 5818433562 5910556106
   3   68846097   67761900 5912311198 5820157424
--- Monitoramento de Tráfego (Switch 6) ---
Porta        Rx Pkts    Tx Pkts    Rx Bytes   Tx Bytes
-------------------------------------------------------
fffffffe          0          0          0          0
   1      57330  138648308    2684376 11912269544
   2   69913603   68817141 6004973086 5911288038
   3   68835944   69940358 5912320004 6006134244
--- Monitoramento de Tráfego (Switch 4) ---
Porta        Rx Pkts    Tx Pkts    Rx Bytes   Tx Bytes
-------------------------------------------------------
fffffffe          0          0          0          0
   1      77170  138672364    3631908 11914317392
   2   69917009   68877695 6005551426 5914641182
   3   68830678   69929016 5912449352 6006295260
--- Monitoramento de Tráfego (Switch 1) ---
Porta        Rx Pkts    Tx Pkts    Rx Bytes   Tx Bytes
-------------------------------------------------------
fffffffe          0          0          0          0
   1      15372  138703485    1321372 11916994038
   2   68824020   69927735 5912670888 6007394378
   3   69935171   68834726 6007595874 5913717636
--- Monitoramento de Tráfego (Switch 5) ---
Porta        Rx Pkts    Tx Pkts    Rx Bytes   Tx Bytes
-------------------------------------------------------
fffffffe          0          0          0          0
   1      45905  138767593    2218574 11922505994
   2   68858337   69958832 5915743918 6009625476
   3   70001688   68895360 6011392304 5917417428
--- Monitoramento de Tráfego (Switch 2) ---
Porta        Rx Pkts    Tx Pkts    Rx Bytes   Tx Bytes
-------------------------------------------------------
fffffffe          0          0          0          0
   1      17011  138792766     715262 11924633200
   2   69967321   68862439 6010790946 5915968350
   3   68907223   69977030 5918261602 6011143824
--- Monitoramento de Tráfego (Switch 3) ---
Porta        Rx Pkts    Tx Pkts    Rx Bytes   Tx Bytes
-------------------------------------------------------
fffffffe          0          0          0          0
   1      17528  138751180     737076 11921089032
   2   69949990   68881533 6008823980 5916057790
   3   68914709   69954416 5917815890 6008760064
--- Monitoramento de Tráfego (Switch 6) ---
Porta        Rx Pkts    Tx Pkts    Rx Bytes   Tx Bytes
-------------------------------------------------------
fffffffe          0          0          0          0
   1      59158  141163347    2761152 12128106866
   2   71183964   70064096 6113932680 6018292652
   3   70081650   71211833 6019201520 6115136274
--- Monitoramento de Tráfego (Switch 2) ---
Porta        Rx Pkts    Tx Pkts    Rx Bytes   Tx Bytes
-------------------------------------------------------
fffffffe          0          0          0          0
   1      17302  141315872     727484 12141163232
   2   71239559   70111278 6119943142 6023152812
   3   70156927   71248253 6025482646 6120196114
--- Monitoramento de Tráfego (Switch 4) ---
Porta        Rx Pkts    Tx Pkts    Rx Bytes   Tx Bytes
-------------------------------------------------------
fffffffe          0          0          0          0
   1      78762  141177867    3704360 12129335862
   2   71182759   70122261 6114122134 6021399262
   3   70076169   71196641 6019328730 6115020398
--- Monitoramento de Tráfego (Switch 5) ---
Porta        Rx Pkts    Tx Pkts    Rx Bytes   Tx Bytes
-------------------------------------------------------
fffffffe          0          0          0          0
   1      46800  141269859    2258936 12137247590
   2   70099168   71220779 6022242832 6117883994
   3   71266938   70137236 6119860396 6023970876
--- Monitoramento de Tráfego (Switch 3) ---
Porta        Rx Pkts    Tx Pkts    Rx Bytes   Tx Bytes
-------------------------------------------------------
fffffffe          0          0          0          0
   1      17875  141249503     751650 12135491722
   2   71210400   70120845 6116948176 6022387102
   3   70154755   71215006 6024186814 6116888380
--- Monitoramento de Tráfego (Switch 1) ---
Porta        Rx Pkts    Tx Pkts    Rx Bytes   Tx Bytes
-------------------------------------------------------
fffffffe          0          0          0          0
   1      15434  141206751    1326716 12131820426
   2   70063365   71190588 6019040514 6115740936
   3   71195967   70073273 6115755446 6020020394
--- Monitoramento de Tráfego (Switch 6) ---
Porta        Rx Pkts    Tx Pkts    Rx Bytes   Tx Bytes
-------------------------------------------------------
fffffffe          0          0          0          0
   1      60994  143690807    2838264 12345010666
   2   72459922   71317590 6223367592 6125854692
   3   71336472   72488901 6126867048 6224614182
--- Monitoramento de Tráfego (Switch 4) ---
Porta        Rx Pkts    Tx Pkts    Rx Bytes   Tx Bytes
-------------------------------------------------------
fffffffe          0          0          0          0
   1      80391  143709936    3778366 12346635760
   2   72459619   71378984 6223660606 6129211748
   3   71334583   72477810 6127312934 6224902468
--- Monitoramento de Tráfego (Switch 1) ---
Porta        Rx Pkts    Tx Pkts    Rx Bytes   Tx Bytes
-------------------------------------------------------
fffffffe          0          0          0          0
   1      15496  143751407    1332048 12350199982
   2   71324882   72474949 6127310652 6225936302
   3   72480249   71335605 6225923882 6128361538
--- Monitoramento de Tráfego (Switch 3) ---
Porta        Rx Pkts    Tx Pkts    Rx Bytes   Tx Bytes
-------------------------------------------------------
fffffffe          0          0          0          0
   1      18230  143802759     766560 12354609238
   2   72499412   71387630 6227537076 6131089368
   3   71422175   72504290 6132916486 6227493188
--- Monitoramento de Tráfego (Switch 5) ---
Porta        Rx Pkts    Tx Pkts    Rx Bytes   Tx Bytes
-------------------------------------------------------
fffffffe          0          0          0          0
   1      47717  143828808    2300222 12356853740
   2   71366676   72513312 6131028208 6228761220
   3   72560703   71406521 6230770814 6132876858
--- Monitoramento de Tráfego (Switch 2) ---
Porta        Rx Pkts    Tx Pkts    Rx Bytes   Tx Bytes
-------------------------------------------------------
fffffffe          0          0          0          0
   1      17571  143867650     738782 12360154072
   2   72527168   71376519 6230417280 6131740670
   3   71423456   72535379 6134163024 6230623194
--- Monitoramento de Tráfego (Switch 6) ---
Porta        Rx Pkts    Tx Pkts    Rx Bytes   Tx Bytes
-------------------------------------------------------
fffffffe          0          0          0          0
   1      62855  146277501    2916426 12567004594
   2   73772615   72606644 6335938022 6236473132
   3   72623832   73799995 6237324756 6336992954
--- Monitoramento de Tráfego (Switch 1) ---
Porta        Rx Pkts    Tx Pkts    Rx Bytes   Tx Bytes
-------------------------------------------------------
fffffffe          0          0          0          0
   1      15559  146348822    1337478 12573114200
   2   72616976   73791063 6238204412 6338820862
   3   73792799   72624468 6338497878 6238984408
--- Monitoramento de Tráfego (Switch 4) ---
Porta        Rx Pkts    Tx Pkts    Rx Bytes   Tx Bytes
-------------------------------------------------------
fffffffe          0          0          0          0
   1      82064  146317978    3854484 12570461312
   2   73778000   72672592 6336716552 6240172396
   3   72627366   73793737 6238251396 6337750110
--- Monitoramento de Tráfego (Switch 3) ---
Porta        Rx Pkts    Tx Pkts    Rx Bytes   Tx Bytes
-------------------------------------------------------
fffffffe          0          0          0          0
   1      18582  146392236     781344 12576842260
   2   73806747   72672134 6339656986 6241291940
   3   72708363   73813969 6243240654 6339802502
--- Monitoramento de Tráfego (Switch 5) ---
Porta        Rx Pkts    Tx Pkts    Rx Bytes   Tx Bytes
-------------------------------------------------------
fffffffe          0          0          0          0
   1      48637  146416862    2341722 12578964048
   2   72656040   73825530 6241694440 6341306480
   3   73871571   72693560 6343130794 6243307100
--- Monitoramento de Tráfego (Switch 2) ---
Porta        Rx Pkts    Tx Pkts    Rx Bytes   Tx Bytes
-------------------------------------------------------
fffffffe          0          0          0          0
   1      17843  146471521     750206 12583622094
   2   73841585   72667204 6343155966 6242515864
   3   72715804   73851820 6245038304 6343524376
--- Monitoramento de Tráfego (Switch 6) ---
Porta        Rx Pkts    Tx Pkts    Rx Bytes   Tx Bytes
-------------------------------------------------------
fffffffe          0          0          0          0
   1      64669  148803700    2992614 12783800252
   2   75040531   73853138 6444705122 6343435276
   3   73871412   75071851 6344367804 6446053218
--- Monitoramento de Tráfego (Switch 1) ---
Porta        Rx Pkts    Tx Pkts    Rx Bytes   Tx Bytes
-------------------------------------------------------
fffffffe          0          0          0          0
   1      15623  148863738    1342850 12788940988
   2   73860597   75055481 6344938722 6447319354
   3   75058665   73868166 6447113182 6345727980
--- Monitoramento de Tráfego (Switch 4) ---
Porta        Rx Pkts    Tx Pkts    Rx Bytes   Tx Bytes
-------------------------------------------------------
fffffffe          0          0          0          0
   1      83688  148829571    3928264 12786003186
   2   75045088   73919438 6445422588 6347124584
   3   73873400   75061165 6345173904 6446475618
--- Monitoramento de Tráfego (Switch 2) ---
Porta        Rx Pkts    Tx Pkts    Rx Bytes   Tx Bytes
-------------------------------------------------------
fffffffe          0          0          0          0
   1      18102  148956605     761084 12796888882
   2   75094425   73899538 6450661002 6348281068
   3   73944774   75102577 6350478772 6450839450
--- Monitoramento de Tráfego (Switch 5) ---
Porta        Rx Pkts    Tx Pkts    Rx Bytes   Tx Bytes
-------------------------------------------------------
fffffffe          0          0          0          0
   1      49527  148921879    2381874 12793941438
   2   73891178   75082369 6347702848 6449147032
   3   75135345   73932970 6451497818 6349649192
--- Monitoramento de Tráfego (Switch 3) ---
Porta        Rx Pkts    Tx Pkts    Rx Bytes   Tx Bytes
-------------------------------------------------------
fffffffe          0          0          0          0
   1      18922  148903337     795624 12792341798
   2   75071926   73918025 6448209404 6348184570
   3   73952969   75078225 6350000478 6448265378
--- Monitoramento de Tráfego (Switch 6) ---
Porta        Rx Pkts    Tx Pkts    Rx Bytes   Tx Bytes
-------------------------------------------------------
fffffffe          0          0          0          0
   1      67041  151427174    3092238 13008919600
   2   76363887   75153392 6558179442 6454997740
   3   75176327   76397772 6456314278 6559673588
--- Monitoramento de Tráfego (Switch 4) ---
Porta        Rx Pkts    Tx Pkts    Rx Bytes   Tx Bytes
-------------------------------------------------------
fffffffe          0          0          0          0
   1      85394  151484369    4005856 13013810642
   2   76383393   75237120 6560184474 6460138000
   3   75185221   76398974 6457728490 6561189428
--- Monitoramento de Tráfego (Switch 1) ---
Porta        Rx Pkts    Tx Pkts    Rx Bytes   Tx Bytes
-------------------------------------------------------
fffffffe          0          0          0          0
   1      15691  151508878    1348566 13015917680
   2   75169303   76388510 6457244102 6561646108
   3   76391599   75178137 6561428910 6458142334
--- Monitoramento de Tráfego (Switch 3) ---
Porta        Rx Pkts    Tx Pkts    Rx Bytes   Tx Bytes
-------------------------------------------------------
fffffffe          0          0          0          0
   1      19289  151562897     811038 13020555922
   2   76416517   75235744 6563519950 6461233448
   3   75275780   76422947 6463452848 6563577170
--- Monitoramento de Tráfego (Switch 5) ---
Porta        Rx Pkts    Tx Pkts    Rx Bytes   Tx Bytes
-------------------------------------------------------
fffffffe          0          0          0          0
   1      50483  151594180    2424930 13023244848
   2   75218271   76432358 6461586002 6564925108
   3   76483531   75258923 6567020770 6463398654
--- Monitoramento de Tráfego (Switch 2) ---
Porta        Rx Pkts    Tx Pkts    Rx Bytes   Tx Bytes
-------------------------------------------------------
fffffffe          0          0          0          0
   1      18385  151644842     773026 13027562028
   2   76450749   75231177 6566985186 6462553030
   3   75282423   76460453 6465237518 6567288354
--- Monitoramento de Tráfego (Switch 6) ---
Porta        Rx Pkts    Tx Pkts    Rx Bytes   Tx Bytes
-------------------------------------------------------
fffffffe          0          0          0          0
   1      70074  153794628    3219624 13212034096
   2   77560525   76328485 6660798702 6555799206
   3   76349069   77593723 6556903230 6662134670
--- Monitoramento de Tráfego (Switch 1) ---
Porta        Rx Pkts    Tx Pkts    Rx Bytes   Tx Bytes
-------------------------------------------------------
fffffffe          0          0          0          0
   1      15747  153851783    1353382 13216924938
   2   76334263   77570641 6557195814 6663048618
   3   77577413   76343796 6663145406 6558154520
--- Monitoramento de Tráfego (Switch 4) ---
Porta        Rx Pkts    Tx Pkts    Rx Bytes   Tx Bytes
-------------------------------------------------------
fffffffe          0          0          0          0
   1      86896  153820724    4074132 13214255960
   2   77561861   76397014 6661253578 6559593244
   3   76346065   77578264 6557307226 6662320128
--- Monitoramento de Tráfego (Switch 2) ---
Porta        Rx Pkts    Tx Pkts    Rx Bytes   Tx Bytes
-------------------------------------------------------
fffffffe          0          0          0          0
   1      18628  153955115     783232 13225769754
   2   77620121   76381915 6667293274 6561282050
   3   76427861   77627345 6563481214 6667375898
--- Monitoramento de Tráfego (Switch 5) ---
Porta        Rx Pkts    Tx Pkts    Rx Bytes   Tx Bytes
-------------------------------------------------------
fffffffe          0          0          0          0
   1      51307  153919228    2462134 13222717028
   2   76369915   77603612 6560394426 6665392804
   3   77658757   76412200 6667707226 6562315060
--- Monitoramento de Tráfego (Switch 3) ---
Porta        Rx Pkts    Tx Pkts    Rx Bytes   Tx Bytes
-------------------------------------------------------
fffffffe          0          0          0          0
   1      19604  153896017     824268 13220723722
   2   77592826   76394563 6664414672 6560626146
   3   76433175   77598377 6562693858 6664385778
--- Monitoramento de Tráfego (Switch 6) ---
Porta        Rx Pkts    Tx Pkts    Rx Bytes   Tx Bytes
-------------------------------------------------------
fffffffe          0          0          0          0
   1      73250  156271161    3353016 13424510070
   2   78812877   77560569 6768167878 6661488018
   3   77578756   78848996 6662372524 6769644088
--- Monitoramento de Tráfego (Switch 4) ---
Porta        Rx Pkts    Tx Pkts    Rx Bytes   Tx Bytes
-------------------------------------------------------
fffffffe          0          0          0          0
   1      88497  156306860    4146962 13427555844
   2   78816949   77632026 6768873190 6665500916
   3   77581552   78835855 6663287884 6770138710
--- Monitoramento de Tráfego (Switch 1) ---
Porta        Rx Pkts    Tx Pkts    Rx Bytes   Tx Bytes
-------------------------------------------------------
fffffffe          0          0          0          0
   1      15806  156336687    1358456 13430119566
   2   77564045   78824027 6662701918 6770535874
   3   78828836   77572624 6770449844 6663581132
--- Monitoramento de Tráfego (Switch 5) ---
Porta        Rx Pkts    Tx Pkts    Rx Bytes   Tx Bytes
-------------------------------------------------------
fffffffe          0          0          0          0
   1      52123  156392101    2499134 13434879202
   2   77596878   78852476 6665662208 6772477540
   3   78909453   77638333 6774824842 6667482870
--- Monitoramento de Tráfego (Switch 2) ---
Porta        Rx Pkts    Tx Pkts    Rx Bytes   Tx Bytes
-------------------------------------------------------
fffffffe          0          0          0          0
   1      18890  156426033     794236 13437764242
   2   78864388   77603815 6773998332 6666114106
   3   77653167   78874108 6668582958 6774288780
--- Monitoramento de Tráfego (Switch 3) ---
Porta        Rx Pkts    Tx Pkts    Rx Bytes   Tx Bytes
-------------------------------------------------------
fffffffe          0          0          0          0
   1      19936  156375254     838212 13433432040
   2   78842289   77624987 6771559062 6666166258
   3   77662618   78847929 6668123880 6771530206
--- Monitoramento de Tráfego (Switch 6) ---
Porta        Rx Pkts    Tx Pkts    Rx Bytes   Tx Bytes
-------------------------------------------------------
fffffffe          0          0          0          0
   1      76505  158796342    3489726 13641160992
   2   80085079   78810353 6877241986 6768694898
   3   78830265   80123621 6769720522 6878818582
--- Monitoramento de Tráfego (Switch 4) ---
Porta        Rx Pkts    Tx Pkts    Rx Bytes   Tx Bytes
-------------------------------------------------------
fffffffe          0          0          0          0
   1      90101  158824628    4219962 13643571512
   2   80086649   78881998 6877739662 6772684316
   3   78826551   80101790 6770084926 6878675844
--- Monitoramento de Tráfego (Switch 1) ---
Porta        Rx Pkts    Tx Pkts    Rx Bytes   Tx Bytes
-------------------------------------------------------
fffffffe          0          0          0          0
   1      15866  158851792    1363616 13645907036
   2   78814186   80095221 6769963444 6879546366
   3   80099362   78821564 6879398360 6770740760
--- Monitoramento de Tráfego (Switch 5) ---
Porta        Rx Pkts    Tx Pkts    Rx Bytes   Tx Bytes
-------------------------------------------------------
fffffffe          0          0          0          0
   1      52982  158931758    2538072 13652773392
   2   78855883   80134001 6773685458 6882370090
   3   80194093   78899406 6884857530 6775651076
--- Monitoramento de Tráfego (Switch 3) ---
Porta        Rx Pkts    Tx Pkts    Rx Bytes   Tx Bytes
-------------------------------------------------------
fffffffe          0          0          0          0
   1      20280  158903902     852660 13650381568
   2   80123776   78883308 6881446360 6774089560
   3   78921448   80127469 6776067412 6881241862
--- Monitoramento de Tráfego (Switch 2) ---
Porta        Rx Pkts    Tx Pkts    Rx Bytes   Tx Bytes
-------------------------------------------------------
fffffffe          0          0          0          0
   1      19158  158969417     805548 13655977414
   2   80146359   78865262 6883933738 6774345712
   3   78915076   80154225 6776813920 6884057982
--- Monitoramento de Tráfego (Switch 6) ---
Porta        Rx Pkts    Tx Pkts    Rx Bytes   Tx Bytes
-------------------------------------------------------
fffffffe          0          0          0          0
   1      79131  160869606    3600018 13819043056
   2   81130245   79837762 6966852702 6856825220
   3   79861354   81172514 6858154556 6968659752
--- Monitoramento de Tráfego (Switch 1) ---
Porta        Rx Pkts    Tx Pkts    Rx Bytes   Tx Bytes
-------------------------------------------------------
fffffffe          0          0          0          0
   1      15994  160934867    1374624 13824630878
   2   79843643   81143719 6858283902 6969470094
   3   81148157   79852589 6969336550 6859198162
--- Monitoramento de Tráfego (Switch 4) ---
Porta        Rx Pkts    Tx Pkts    Rx Bytes   Tx Bytes
-------------------------------------------------------
fffffffe          0          0          0          0
   1      91428  160910087    4280448 13822499618
   2   81143963   79920868 6968402962 6861768604
   3   79864434   81159524 6859113380 6969364928
--- Monitoramento de Tráfego (Switch 2) ---
Porta        Rx Pkts    Tx Pkts    Rx Bytes   Tx Bytes
-------------------------------------------------------
fffffffe          0          0          0          0
   1      19383  161004643     814998 13830596486
   2   81171808   79875530 6971880076 6861020360
   3   79925949   81181243 6863519470 6972130130
--- Monitoramento de Tráfego (Switch 5) ---
Porta        Rx Pkts    Tx Pkts    Rx Bytes   Tx Bytes
-------------------------------------------------------
fffffffe          0          0          0          0
   1      53714  160978592    2571060 13828388532
   2   79870551   81165889 6860739690 6970858422
   3   81226105   79914182 6973252934 6862686144
--- Monitoramento de Tráfego (Switch 3) ---
Porta        Rx Pkts    Tx Pkts    Rx Bytes   Tx Bytes
-------------------------------------------------------
fffffffe          0          0          0          0
   1      20547  160966995     863874 13827391394
   2   81160330   79904949 6970335776 6861718282
   3   79941003   81163903 6863495078 6970113626
--- Monitoramento de Tráfego (Switch 3) ---
Porta        Rx Pkts    Tx Pkts    Rx Bytes   Tx Bytes
-------------------------------------------------------
fffffffe          0          0          0          0
   1      20836  163076507     876012 14008402002
   2   82222207   80951132 7061431066 6951458952
   3   80989929   82229338 6953454130 7061504676
--- Monitoramento de Tráfego (Switch 5) ---
Porta        Rx Pkts    Tx Pkts    Rx Bytes   Tx Bytes
-------------------------------------------------------
fffffffe          0          0          0          0
   1      54435  163095311    2603630 14010016826
   2   80920542   82233651 6950838796 7062443674
   3   82300617   80965694 7065325314 6952889768
--- Monitoramento de Tráfego (Switch 2) ---
Porta        Rx Pkts    Tx Pkts    Rx Bytes   Tx Bytes
-------------------------------------------------------
fffffffe          0          0          0          0
   1      19613  163129482     824714 14012922596
   2   82243940   80928406 7063853080 6951363340
   3   80977613   82252382 6953729522 7064020256
--- Monitoramento de Tráfego (Switch 6) ---
Porta        Rx Pkts    Tx Pkts    Rx Bytes   Tx Bytes
-------------------------------------------------------
fffffffe          0          0          0          0
   1      82091  163254365    3724338 14023672606
   2   82336428   81023355 7070310564 6958537950
   3   81042701   82377412 6959495718 7071905728
--- Monitoramento de Tráfego (Switch 4) ---
Porta        Rx Pkts    Tx Pkts    Rx Bytes   Tx Bytes
-------------------------------------------------------
fffffffe          0          0          0          0
   1      92879  163281693    4346670 14025999938
   2   82338769   81095234 7070893090 6962484944
   3   81042065   82356494 6960143162 7072032016
--- Monitoramento de Tráfego (Switch 1) ---
Porta        Rx Pkts    Tx Pkts    Rx Bytes   Tx Bytes
-------------------------------------------------------
fffffffe          0          0          0          0
   1      16116  163316662    1385116 14029005476
   2   81027237   82344620 6959844250 7072492232
   3   82350219   81035659 7072445118 6960717350
--- Monitoramento de Tráfego (Switch 6) ---
Porta        Rx Pkts    Tx Pkts    Rx Bytes   Tx Bytes
-------------------------------------------------------
fffffffe          0          0          0          0
   1      84848  165500703    3840132 14216439538
   2   83470864   82140948 7167624664 7054429448
   3   82160099   83514861 7055352362 7169382434
--- Monitoramento de Tráfego (Switch 4) ---
Porta        Rx Pkts    Tx Pkts    Rx Bytes   Tx Bytes
-------------------------------------------------------
fffffffe          0          0          0          0
   1      94215  165542844    4407842 14220038956
   2   83481607   82223178 7168933962 7059229112
   3   82165036   83497001 7056496132 7169867090
--- Monitoramento de Tráfego (Switch 1) ---
Porta        Rx Pkts    Tx Pkts    Rx Bytes   Tx Bytes
-------------------------------------------------------
fffffffe          0          0          0          0
   1      16211  165579131    1393286 14223157266
   2   82149003   83484912 7056100130 7170333416
   3   83491593   82158652 7170372910 7057082188
--- Monitoramento de Tráfego (Switch 3) ---
Porta        Rx Pkts    Tx Pkts    Rx Bytes   Tx Bytes
-------------------------------------------------------
fffffffe          0          0          0          0
   1      21192  165624346     890964 14227040776
   2   83509200   82215491 7171851940 7059918530
   3   82255544   83515066 7062005000 7171804384
--- Monitoramento de Tráfego (Switch 5) ---
Porta        Rx Pkts    Tx Pkts    Rx Bytes   Tx Bytes
-------------------------------------------------------
fffffffe          0          0          0          0
   1      55261  165647631    2641050 14229041206
   2   82187550   83521607 7059562276 7172948418
   3   83588634   82232726 7175704844 7061583260
--- Monitoramento de Tráfego (Switch 2) ---
Porta        Rx Pkts    Tx Pkts    Rx Bytes   Tx Bytes
-------------------------------------------------------
fffffffe          0          0          0          0
   1      19888  165683268     836264 14232072584
   2   83530842   82195384 7174274564 7060080524
   3   82248906   83540773 7062784964 7174560674
--- Monitoramento de Tráfego (Switch 6) ---
Porta        Rx Pkts    Tx Pkts    Rx Bytes   Tx Bytes
-------------------------------------------------------
fffffffe          0          0          0          0
   1      87804  167926093    3964284 14424583154
   2   84695267   83346759 7272662674 7157897514
   3   83367534   84742488 7158943812 7274588776
--- Monitoramento de Tráfego (Switch 4) ---
Porta        Rx Pkts    Tx Pkts    Rx Bytes   Tx Bytes
-------------------------------------------------------
fffffffe          0          0          0          0
   1      95626  167966670    4472648 14428047952
   2   84700179   83422006 7273473622 7162054772
   3   83364801   84714151 7159445614 7274283158
--- Monitoramento de Tráfego (Switch 1) ---
Porta        Rx Pkts    Tx Pkts    Rx Bytes   Tx Bytes
-------------------------------------------------------
fffffffe          0          0          0          0
   1      16302  167999457    1401112 14430867154
   2   83349134   84705224 7159091820 7275043476
   3   84710358   83357482 7274939732 7159963528
--- Monitoramento de Tráfego (Switch 3) ---
Porta        Rx Pkts    Tx Pkts    Rx Bytes   Tx Bytes
-------------------------------------------------------
fffffffe          0          0          0          0
   1      21521  168035646     904782 14433976088
   2   84722979   83412746 7275991990 7162627524
   3   83452387   84730394 7164660722 7276065876
--- Monitoramento de Tráfego (Switch 5) ---
Porta        Rx Pkts    Tx Pkts    Rx Bytes   Tx Bytes
-------------------------------------------------------
fffffffe          0          0          0          0
   1      56014  168058476    2675272 14435937300
   2   83385842   84739907 7162397360 7277475546
   3   84808279   83430471 7280229454 7164343978
--- Monitoramento de Tráfego (Switch 2) ---
Porta        Rx Pkts    Tx Pkts    Rx Bytes   Tx Bytes
-------------------------------------------------------
fffffffe          0          0          0          0
   1      20145  168108480     847114 14440201900
   2   84754254   83398925 7279250932 7163364886
   3   83450427   84762464 7165859746 7279380408
--- Monitoramento de Tráfego (Switch 6) ---
Porta        Rx Pkts    Tx Pkts    Rx Bytes   Tx Bytes
-------------------------------------------------------
fffffffe          0          0          0          0
   1      90479  170136407    4076634 14614275630
   2   85804203   84435557 7367800158 7251327318
   3   84467505   85861862 7253318826 7370524468
--- Monitoramento de Tráfego (Switch 5) ---
Porta        Rx Pkts    Tx Pkts    Rx Bytes   Tx Bytes
-------------------------------------------------------
fffffffe          0          0          0          0
   1      56686  170273028    2705828 14625993620
   2   84482728   85852512 7256532224 7372941008
   3   85927225   84529893 7376126358 7258671930
--- Monitoramento de Tráfego (Switch 4) ---
Porta        Rx Pkts    Tx Pkts    Rx Bytes   Tx Bytes
-------------------------------------------------------
fffffffe          0          0          0          0
   1      96897  170191730    4531090 14619007012
   2   85821099   84526827 7369646638 7256829814
   3   84469876   85838737 7254273084 7370763466
--- Monitoramento de Tráfego (Switch 3) ---
Porta        Rx Pkts    Tx Pkts    Rx Bytes   Tx Bytes
-------------------------------------------------------
fffffffe          0          0          0          0
   1      21831  170251522     917802 14624146176
   2   85840020   84513084 7371843284 7257033084
   3   84553652   85846613 7259130772 7371835082
--- Monitoramento de Tráfego (Switch 1) ---
Porta        Rx Pkts    Tx Pkts    Rx Bytes   Tx Bytes
-------------------------------------------------------
fffffffe          0          0          0          0
   1      16377  170215515    1407562 14621051210
   2   84449479   85822141 7253522742 7370892822
   3   85827199   84458021 7370769118 7254411966
--- Monitoramento de Tráfego (Switch 2) ---
Porta        Rx Pkts    Tx Pkts    Rx Bytes   Tx Bytes
-------------------------------------------------------
fffffffe          0          0          0          0
   1      20378  170312458     856900 14629350976
   2   85864594   84492142 7374536080 7257184372
   3   84545220   85875409 7259790788 7374880074
--- Monitoramento de Tráfego (Switch 6) ---
Porta        Rx Pkts    Tx Pkts    Rx Bytes   Tx Bytes
-------------------------------------------------------
fffffffe          0          0          0          0
   1      93412  172574139    4199820 14823491018
   2   87033519   85645693 7473268214 7355176986
   3   85668999   87086759 7356408802 7475501594
--- Monitoramento de Tráfego (Switch 4) ---
Porta        Rx Pkts    Tx Pkts    Rx Bytes   Tx Bytes
-------------------------------------------------------
fffffffe          0          0          0          0
   1      98277  172617130    4594506 14827163056
   2   87044121   85730816 7474579614 7360115472
   3   85676841   87064386 7357850206 7475915460
--- Monitoramento de Tráfego (Switch 1) ---
Porta        Rx Pkts    Tx Pkts    Rx Bytes   Tx Bytes
-------------------------------------------------------
fffffffe          0          0          0          0
   1      16455  172679612    1414270 14832528312
   2   85673948   87063829 7358607664 7477447514
   3   87074917   85685463 7477828218 7359753450
--- Monitoramento de Tráfego (Switch 3) ---
Porta        Rx Pkts    Tx Pkts    Rx Bytes   Tx Bytes
-------------------------------------------------------
fffffffe          0          0          0          0
   1      22178  172742404     932376 14837923400
   2   87095657   85749665 7479585390 7363136306
   3   85790510   87104355 7365238568 7479747626
--- Monitoramento de Tráfego (Switch 2) ---
Porta        Rx Pkts    Tx Pkts    Rx Bytes   Tx Bytes
-------------------------------------------------------
fffffffe          0          0          0          0
   1      20646  172816780     868212 14844281020
   2   87126781   85734978 7482848706 7363844940
   3   85790392   87137206 7366631508 7483149648
--- Monitoramento de Tráfego (Switch 5) ---
Porta        Rx Pkts    Tx Pkts    Rx Bytes   Tx Bytes
-------------------------------------------------------
fffffffe          0          0          0          0
   1      57375  172769041    2737406 14840210650
   2   85720902   87111293 7362794448 7480947622
   3   87190183   85769413 7484362710 7365024034
--- Monitoramento de Tráfego (Switch 6) ---
Porta        Rx Pkts    Tx Pkts    Rx Bytes   Tx Bytes
-------------------------------------------------------
fffffffe          0          0          0          0
   1      96375  175039319    4324266 15035064946
   2   88276093   86868820 7579858954 7460146604
   3   86895327   88332602 7461629830 7582254756
--- Monitoramento de Tráfego (Switch 1) ---
Porta        Rx Pkts    Tx Pkts    Rx Bytes   Tx Bytes
-------------------------------------------------------
fffffffe          0          0          0          0
   1      16526  175101262    1420376 15040366920
   2   86874943   88284624 7461679294 7582187132
   3   88290076   86880246 7582075436 7462292916
--- Monitoramento de Tráfego (Switch 4) ---
Porta        Rx Pkts    Tx Pkts    Rx Bytes   Tx Bytes
-------------------------------------------------------
fffffffe          0          0          0          0
   1      99679  175082364    4658978 15038742300
   2   88286035   86954618 7581115626 7465107772
   3   86894650   88302414 7462363576 7582117908
--- Monitoramento de Tráfego (Switch 5) ---
Porta        Rx Pkts    Tx Pkts    Rx Bytes   Tx Bytes
-------------------------------------------------------
fffffffe          0          0          0          0
   1      58025  175152979    2767258 15044813022
   2   86905066   88313630 7464423492 7584096884
   3   88392543   86952770 7587394246 7466559076
--- Monitoramento de Tráfego (Switch 2) ---
Porta        Rx Pkts    Tx Pkts    Rx Bytes   Tx Bytes
-------------------------------------------------------
fffffffe          0          0          0          0
   1      20899  175196943     878838 15048559330
   2   88325697   86915267 7585712050 7465140134
   3   86968180   88334128 7467690348 7585833164
--- Monitoramento de Tráfego (Switch 3) ---
Porta        Rx Pkts    Tx Pkts    Rx Bytes   Tx Bytes
-------------------------------------------------------
fffffffe          0          0          0          0
   1      22512  175135364     946404 15043299308
   2   88306666   86939397 7583476668 7465221034
   3   86980917   88311524 7467363982 7583303000
--- Monitoramento de Tráfego (Switch 6) ---
Porta        Rx Pkts    Tx Pkts    Rx Bytes   Tx Bytes
-------------------------------------------------------
fffffffe          0          0          0          0
   1      99137  177351986    4440270 15233553512
   2   89442365   88016066 7679918706 7558599324
   3   88038841   89499891 7559754398 7682299842
--- Monitoramento de Tráfego (Switch 1) ---
Porta        Rx Pkts    Tx Pkts    Rx Bytes   Tx Bytes
-------------------------------------------------------
fffffffe          0          0          0          0
   1      16590  177406926    1425880 15238253924
   2   88017541   89446653 7559744978 7681897822
   3   89451627   88024641 7681740702 7560516202
--- Monitoramento de Tráfego (Switch 4) ---
Porta        Rx Pkts    Tx Pkts    Rx Bytes   Tx Bytes
-------------------------------------------------------
fffffffe          0          0          0          0
   1     100972  177377025    4718476 15235685326
   2   89443370   88095343 7680406624 7562965046
   3   88034836   89462216 7560210040 7681622256
--- Monitoramento de Tráfego (Switch 3) ---
Porta        Rx Pkts    Tx Pkts    Rx Bytes   Tx Bytes
-------------------------------------------------------
fffffffe          0          0          0          0
   1      22839  177442362     960194 15241300504
   2   89470198   88084215 7683307572 7563441342
   3   88124525   89472765 7565468046 7682928470
--- Monitoramento de Tráfego (Switch 2) ---
Porta        Rx Pkts    Tx Pkts    Rx Bytes   Tx Bytes
-------------------------------------------------------
fffffffe          0          0          0          0
   1      21145  177497515     889170 15246009026
   2   89486768   88056616 7685340692 7563098696
   3   88112732   89497242 7565888280 7685628192
--- Monitoramento de Tráfego (Switch 5) ---
Porta        Rx Pkts    Tx Pkts    Rx Bytes   Tx Bytes
-------------------------------------------------------
fffffffe          0          0          0          0
   1      58647  177456501    2795758 15242515650
   2   88047215   89473974 7562453770 7683658440
   3   89558599   88095288 7687332878 7564597960
--- Monitoramento de Tráfego (Switch 6) ---
Porta        Rx Pkts    Tx Pkts    Rx Bytes   Tx Bytes
-------------------------------------------------------
fffffffe          0          0          0          0
   1     101916  179690563    4556988 15434267290
   2   90623458   89179007 7781253492 7658399782
   3   89201967   90682973 7659559786 7783702074
--- Monitoramento de Tráfego (Switch 1) ---
Porta        Rx Pkts    Tx Pkts    Rx Bytes   Tx Bytes
-------------------------------------------------------
fffffffe          0          0          0          0
   1      16653  179740069    1431298 15438501562
   2   89176978   90623982 7659256268 7782930872
   3   90628531   89183977 7782724642 7660018926
--- Monitoramento de Tráfego (Switch 4) ---
Porta        Rx Pkts    Tx Pkts    Rx Bytes   Tx Bytes
-------------------------------------------------------
fffffffe          0          0          0          0
   1     102287  179710049    4779074 15435922182
   2   90621255   89254221 7781470538 7662384718
   3   89195297   90640386 7659798266 7782706200
--- Monitoramento de Tráfego (Switch 5) ---
Porta        Rx Pkts    Tx Pkts    Rx Bytes   Tx Bytes
-------------------------------------------------------
fffffffe          0          0          0          0
   1      59265  179795676    2824134 15443280688
   2   89207911   90653159 7662073046 7784837914
   3   90740555   89257580 7788637266 7664331800
--- Monitoramento de Tráfego (Switch 3) ---
Porta        Rx Pkts    Tx Pkts    Rx Bytes   Tx Bytes
-------------------------------------------------------
fffffffe          0          0          0          0
   1      23166  179780215     973928 15441952470
   2   90644107   89243698 7784037214 7662925088
   3   89285254   90650777 7665046828 7784002958
--- Monitoramento de Tráfego (Switch 2) ---
Porta        Rx Pkts    Tx Pkts    Rx Bytes   Tx Bytes
-------------------------------------------------------
fffffffe          0          0          0          0
   1      21393  179835128     899586 15446640632
   2   90665997   89218435 7786536506 7662814298
   3   89272246   90675537 7665374044 7786734646
--- Monitoramento de Tráfego (Switch 6) ---
Porta        Rx Pkts    Tx Pkts    Rx Bytes   Tx Bytes
-------------------------------------------------------
fffffffe          0          0          0          0
   1     104399  181837803    4661274 15618565522
   2   91705821   90242729 7874092298 7749695798
   3   90266816   91766523 7750935772 7876544398
--- Monitoramento de Tráfego (Switch 4) ---
Porta        Rx Pkts    Tx Pkts    Rx Bytes   Tx Bytes
-------------------------------------------------------
fffffffe          0          0          0          0
   1     103553  181913957    4837306 15625086214
   2   91730712   90348259 7876642052 7756250722
   3   90284648   91748906 7753294196 7877788496
--- Monitoramento de Tráfego (Switch 1) ---
Porta        Rx Pkts    Tx Pkts    Rx Bytes   Tx Bytes
-------------------------------------------------------
fffffffe          0          0          0          0
   1      16753  181944213    1439898 15627685498
   2   90269418   91734200 7753016724 7878179976
   3   91742005   90276168 7878243986 7753758260
--- Monitoramento de Tráfego (Switch 3) ---
Porta        Rx Pkts    Tx Pkts    Rx Bytes   Tx Bytes
-------------------------------------------------------
fffffffe          0          0          0          0
   1      23464  181987712     986500 15631424868
   2   91760982   90343217 7879852356 7757267662
   3   90384716   91767182 7759380056 7879772088
--- Monitoramento de Tráfego (Switch 5) ---
Porta        Rx Pkts    Tx Pkts    Rx Bytes   Tx Bytes
-------------------------------------------------------
fffffffe          0          0          0          0
   1      59892  182025218    2852932 15634645984
   2   90318628   91782594 7757403168 7881727300
   3   91866913   90365660 7885149918 7759418028
--- Monitoramento de Tráfego (Switch 2) ---
Porta        Rx Pkts    Tx Pkts    Rx Bytes   Tx Bytes
-------------------------------------------------------
fffffffe          0          0          0          0
   1      21627  182068064     909414 15638296728
   2   91791149   90325134 7883068006 7757799596
   3   90384310   91803681 7760793996 7883516866
--- Monitoramento de Tráfego (Switch 6) ---
Porta        Rx Pkts    Tx Pkts    Rx Bytes   Tx Bytes
-------------------------------------------------------
fffffffe          0          0          0          0
   1     106838  184043027    4763712 15807852794
   2   92821302   91338399 7969786832 7843738306
   3   91363431   92884508 7845044054 7972364984
--- Monitoramento de Tráfego (Switch 5) ---
Porta        Rx Pkts    Tx Pkts    Rx Bytes   Tx Bytes
-------------------------------------------------------
fffffffe          0          0          0          0
   1      60517  184197484    2881558 15821103168
   2   91393172   92878688 7849640480 7975773412
   3   92965464   91441840 7979306384 7851772932
--- Monitoramento de Tráfego (Switch 1) ---
Porta        Rx Pkts    Tx Pkts    Rx Bytes   Tx Bytes
-------------------------------------------------------
fffffffe          0          0          0          0
   1      16876  184122972    1450476 15814700524
   2   91350488   92833704 7845814788 7972529384
   3   92844013   91361485 7972797706 7846920946
--- Monitoramento de Tráfego (Switch 4) ---
Porta        Rx Pkts    Tx Pkts    Rx Bytes   Tx Bytes
-------------------------------------------------------
fffffffe          0          0          0          0
   1     104800  184076840    4894300 15810738112
   2   92822121   91421887 7970281370 7848368510
   3   91361453   92843056 7845717098 7971653760
--- Monitoramento de Tráfego (Switch 3) ---
Porta        Rx Pkts    Tx Pkts    Rx Bytes   Tx Bytes
-------------------------------------------------------
fffffffe          0          0          0          0
   1      23758  184175319     998848 15819198966
   2   92864357   91426620 7974525370 7850230652
   3   91467556   92869086 7852286024 7974311656
--- Monitoramento de Tráfego (Switch 2) ---
Porta        Rx Pkts    Tx Pkts    Rx Bytes   Tx Bytes
-------------------------------------------------------
fffffffe          0          0          0          0
   1      21857  184236556     919074 15824429244
   2   92883870   91399392 7976835124 7850012428
   3   91458765   92896422 7852988570 7977277188
--- Monitoramento de Tráfego (Switch 6) ---
Porta        Rx Pkts    Tx Pkts    Rx Bytes   Tx Bytes
-------------------------------------------------------
fffffffe          0          0          0          0
   1     109232  186374802    4864260 16007999400
   2   93994709   92492589 8070454402 7942801694
   3   92520712   94061275 7944351824 8073229966
--- Monitoramento de Tráfego (Switch 4) ---
Porta        Rx Pkts    Tx Pkts    Rx Bytes   Tx Bytes
-------------------------------------------------------
fffffffe          0          0          0          0
   1     106265  186407048    4961110 16010749988
   2   93997328   92578578 8071102908 7947608516
   3   92519694   94018517 7945128396 8072496730
--- Monitoramento de Tráfego (Switch 3) ---
Porta        Rx Pkts    Tx Pkts    Rx Bytes   Tx Bytes
-------------------------------------------------------
fffffffe          0          0          0          0
   1      24079  186493470    1012386 16018176408
   2   94029085   92575314 8074453138 7948796940
   3   92618143   94037830 7951003290 8074577444
--- Monitoramento de Tráfego (Switch 5) ---
Porta        Rx Pkts    Tx Pkts    Rx Bytes   Tx Bytes
-------------------------------------------------------
fffffffe          0          0          0          0
   1      61340  186518123    2918764 16020294278
   2   92541128   94045956 7948175380 8075918300
   3   94136207   92592074 8079651318 7950475024
--- Monitoramento de Tráfego (Switch 1) ---
Porta        Rx Pkts    Tx Pkts    Rx Bytes   Tx Bytes
-------------------------------------------------------
fffffffe          0          0          0          0
   1      16988  186450515    1460108 16014484390
   2   92503473   94006871 7944781546 8073192222
   3   94015983   92513355 8073347418 7945791706
--- Monitoramento de Tráfego (Switch 2) ---
Porta        Rx Pkts    Tx Pkts    Rx Bytes   Tx Bytes
-------------------------------------------------------
fffffffe          0          0          0          0
   1      22103  186557112     929406 16023612920
   2   94056456   92552848 8077444496 7949019656
   3   92610398   94065768 7951807360 8077598948
--- Monitoramento de Tráfego (Switch 6) ---
Porta        Rx Pkts    Tx Pkts    Rx Bytes   Tx Bytes
-------------------------------------------------------
fffffffe          0          0          0          0
   1     111574  188734959    4962624 16210591474
   2   95188056   93667966 8172825556 8043693228
   3   93692461   95253017 8044904418 8175377434
--- Monitoramento de Tráfego (Switch 4) ---
Porta        Rx Pkts    Tx Pkts    Rx Bytes   Tx Bytes
-------------------------------------------------------
fffffffe          0          0          0          0
   1     107761  188779938    5029266 16214435764
   2   95194198   93757193 8173786144 8048739898
   3   93693072   95214422 8045848232 8175087984
--- Monitoramento de Tráfego (Switch 1) ---
Porta        Rx Pkts    Tx Pkts    Rx Bytes   Tx Bytes
-------------------------------------------------------
fffffffe          0          0          0          0
   1      17084  188807521    1468364 16216805946
   2   93672497   95195306 8045131974 8175174284
   3   95203053   93682294 8175204174 8046134864
--- Monitoramento de Tráfego (Switch 5) ---
Porta        Rx Pkts    Tx Pkts    Rx Bytes   Tx Bytes
-------------------------------------------------------
fffffffe          0          0          0          0
   1      62167  188853931    2956094 16220797018
   2   93701697   95221952 8047800806 8176826220
   3   95318733   93754080 8181012330 8050192568
--- Monitoramento de Tráfego (Switch 3) ---
Porta        Rx Pkts    Tx Pkts    Rx Bytes   Tx Bytes
-------------------------------------------------------
fffffffe          0          0          0          0
   1      24414  188841208    1026456 16219702104
   2   95214422   93742285 8176160140 8048939874
   3   93783667   95221306 8051010938 8176112112
--- Monitoramento de Tráfego (Switch 2) ---
Porta        Rx Pkts    Tx Pkts    Rx Bytes   Tx Bytes
-------------------------------------------------------
fffffffe          0          0          0          0
   1      22351  188896564     939822 16224428732
   2   95234699   93710980 8178555666 8048435456
   3   93769313   95246315 8051259010 8178897878
--- Monitoramento de Tráfego (Switch 6) ---
Porta        Rx Pkts    Tx Pkts    Rx Bytes   Tx Bytes
-------------------------------------------------------
fffffffe          0          0          0          0
   1     114059  191276140    5066994 16428733300
   2   96466940   94925246 8282551720 8151622252
   3   94951776   96535076 8152980580 8285279932
--- Monitoramento de Tráfego (Switch 4) ---
Porta        Rx Pkts    Tx Pkts    Rx Bytes   Tx Bytes
-------------------------------------------------------
fffffffe          0          0          0          0
   1     109357  191307886    5101974 16431440660
   2   96471078   95012234 8283340972 8156433560
   3   94947319   96489937 8153517342 8284525394
--- Monitoramento de Tráfego (Switch 5) ---
Porta        Rx Pkts    Tx Pkts    Rx Bytes   Tx Bytes
-------------------------------------------------------
fffffffe          0          0          0          0
   1      63050  191411652    2995996 16440357056
   2   94969654   96513018 8156653552 8287613760
   3   96609397   95024712 8291652722 8159240172
--- Monitoramento de Tráfego (Switch 3) ---
Porta        Rx Pkts    Tx Pkts    Rx Bytes   Tx Bytes
-------------------------------------------------------
fffffffe          0          0          0          0
   1      24770  191390608    1041464 16438548572
   2   96500932   95005784 8286549688 8157374752
   3   95049883   96508728 8159664326 8286571448
--- Monitoramento de Tráfego (Switch 1) ---
Porta        Rx Pkts    Tx Pkts    Rx Bytes   Tx Bytes
-------------------------------------------------------
fffffffe          0          0          0          0
   1      17177  191344738    1476362 16434607832
   2   94931993   96474493 8153257946 8284945902
   3   96484610   94942056 8285175496 8154284060
--- Monitoramento de Tráfego (Switch 2) ---
Porta        Rx Pkts    Tx Pkts    Rx Bytes   Tx Bytes
-------------------------------------------------------
fffffffe          0          0          0          0
   1      22622  191461079     951204 16444573994
   2   96528492   94984027 8289580696 8157725410
   3   95043939   96540346 8160648974 8289932192
--- Monitoramento de Tráfego (Switch 4) ---
Porta        Rx Pkts    Tx Pkts    Rx Bytes   Tx Bytes
-------------------------------------------------------
fffffffe          0          0          0          0
   1     110715  193495943    5163894 16619273958
   2   97573681   96099440 8377935666 8249727584
   3   96033588   97594724 8246769216 8379304616
--- Monitoramento de Tráfego (Switch 1) ---
Porta        Rx Pkts    Tx Pkts    Rx Bytes   Tx Bytes
-------------------------------------------------------
fffffffe          0          0          0          0
   1      17250  193529882    1482640 16622191092
   2   96022500   97583228 8246880168 8380082448
   3   97589987   96030213 8380019166 8247704538
--- Monitoramento de Tráfego (Switch 3) ---
Porta        Rx Pkts    Tx Pkts    Rx Bytes   Tx Bytes
-------------------------------------------------------
fffffffe          0          0          0          0
   1      25074  193584862    1054232 16626914500
   2   97609538   96099012 8381665264 8251203144
   3   96140597   97615953 8253258878 8381563174
--- Monitoramento de Tráfego (Switch 5) ---
Porta        Rx Pkts    Tx Pkts    Rx Bytes   Tx Bytes
-------------------------------------------------------
fffffffe          0          0          0          0
   1      63789  193603926    3029498 16628552312
   2   96057133   97617408 8250015566 8382372076
   3   97717029   96110967 8386594054 8252470654
--- Monitoramento de Tráfego (Switch 2) ---
Porta        Rx Pkts    Tx Pkts    Rx Bytes   Tx Bytes
-------------------------------------------------------
fffffffe          0          0          0          0
   1      22854  193639092     960948 16631544364
   2   97627196   96064486 8383855724 8250484708
   3   96123903   97638409 8253339218 8384143290
--- Monitoramento de Tráfego (Switch 6) ---
Porta        Rx Pkts    Tx Pkts    Rx Bytes   Tx Bytes
-------------------------------------------------------
fffffffe          0          0          0          0
   1     116345  193665883    5163006 16633881074
   2   97672269   96109424 8385960942 8253280004
   3   96138794   97745569 8254859244 8389041614
--- Monitoramento de Tráfego (Switch 6) ---
Porta        Rx Pkts    Tx Pkts    Rx Bytes   Tx Bytes
-------------------------------------------------------
fffffffe          0          0          0          0
   1     118521  195978852    5254398 16832441820
   2   98839623   97258163 8486089530 8351897490
   3   97289254   98914670 8353599840 8489236960
--- Monitoramento de Tráfego (Switch 4) ---
Porta        Rx Pkts    Tx Pkts    Rx Bytes   Tx Bytes
-------------------------------------------------------
fffffffe          0          0          0          0
   1     112302  196010184    5236268 16835113448
   2   98846340   97347690 8487114928 8356851360
   3   97285126   98867863 8354212704 8488513106
--- Monitoramento de Tráfego (Switch 1) ---
Porta        Rx Pkts    Tx Pkts    Rx Bytes   Tx Bytes
-------------------------------------------------------
fffffffe          0          0          0          0
   1      17326  196059606    1489176 16839360484
   2   97274343   98855546 8354345446 8489246128
   3   98863505   97280870 8489267058 8355067928
--- Monitoramento de Tráfego (Switch 3) ---
Porta        Rx Pkts    Tx Pkts    Rx Bytes   Tx Bytes
-------------------------------------------------------
fffffffe          0          0          0          0
   1      25428  196117509    1069156 16844335122
   2   98891048   97357604 8491610380 8359229000
   3   97401055   98897794 8361430890 8491527736
--- Monitoramento de Tráfego (Switch 5) ---
Porta        Rx Pkts    Tx Pkts    Rx Bytes   Tx Bytes
-------------------------------------------------------
fffffffe          0          0          0          0
   1      64639  196161245    3068058 16848091238
   2   97327299   98908566 8359054486 8493131112
   3   99013188   97383937 8497679816 8361726542
--- Monitoramento de Tráfego (Switch 2) ---
Porta        Rx Pkts    Tx Pkts    Rx Bytes   Tx Bytes
-------------------------------------------------------
fffffffe          0          0          0          0
   1      23130  196221576     972540 16853240444
   2   98929748   97345778 8495609268 8360478732
   3   97406683   98941370 8363441218 8495924204
--- Monitoramento de Tráfego (Switch 2) ---
Porta        Rx Pkts    Tx Pkts    Rx Bytes   Tx Bytes
-------------------------------------------------------
fffffffe          0          0          0          0
   1      23341  198197851     981402 17022897666
   2   99925747   98325694 8581044210 8444613148
   3   98393485   99943833 8448141646 8581911914
--- Monitoramento de Tráfego (Switch 6) ---
Porta        Rx Pkts    Tx Pkts    Rx Bytes   Tx Bytes
-------------------------------------------------------
fffffffe          0          0          0          0
   1     120644  198330709    5343564 17034349710
   2  100029004   98427126 8588105044 8452258076
   3   98454039  100103491 8453578246 8591118906
--- Monitoramento de Tráfego (Switch 4) ---
Porta        Rx Pkts    Tx Pkts    Rx Bytes   Tx Bytes
-------------------------------------------------------
fffffffe          0          0          0          0
   1     113787  198374308    5303918 17038074552
   2  100040816   98526022 8589570316 8457975532
   3   98456427  100058900 8454773766 8590671164
--- Monitoramento de Tráfego (Switch 1) ---
Porta        Rx Pkts    Tx Pkts    Rx Bytes   Tx Bytes
-------------------------------------------------------
fffffffe          0          0          0          0
   1      17395  198405581    1495110 17040762910
   2   98438507  100039640 8454299542 8590819688
   3  100046153   98445426 8590706746 8455055728
--- Monitoramento de Tráfego (Switch 3) ---
Porta        Rx Pkts    Tx Pkts    Rx Bytes   Tx Bytes
-------------------------------------------------------
fffffffe          0          0          0          0
   1      25755  198450200    1082890 17044597196
   2  100065697   98513747 8592370798 8458465134
   3   98555318  100071187 8460489468 8592176786
--- Monitoramento de Tráfego (Switch 5) ---
Porta        Rx Pkts    Tx Pkts    Rx Bytes   Tx Bytes
-------------------------------------------------------
fffffffe          0          0          0          0
   1      65410  198482025    3103036 17047331022
   2   98478193  100080528 8457869010 8593657328
   3  100181305   98531749 8597792602 8460248806
--- Monitoramento de Tráfego (Switch 6) ---
Porta        Rx Pkts    Tx Pkts    Rx Bytes   Tx Bytes
-------------------------------------------------------
fffffffe          0          0          0          0
   1     122560  200513509    5424036 17221753974
   2  101129737   99508561 8682563938 8545108350
   3   99537908  101205689 8546618008 8685631658
--- Monitoramento de Tráfego (Switch 4) ---
Porta        Rx Pkts    Tx Pkts    Rx Bytes   Tx Bytes
-------------------------------------------------------
fffffffe          0          0          0          0
   1     115144  200556425    5365896 17225420314
   2  101141214   99609154 8684003856 8550937940
   3   99538207  101159260 8547653810 8685097456
--- Monitoramento de Tráfego (Switch 1) ---
Porta        Rx Pkts    Tx Pkts    Rx Bytes   Tx Bytes
-------------------------------------------------------
fffffffe          0          0          0          0
   1      17453  200586086    1500098 17227970712
   2   99516839  101136136 8546889446 8684931148
   3  101147504   99526937 8685226720 8547919122
--- Monitoramento de Tráfego (Switch 5) ---
Porta        Rx Pkts    Tx Pkts    Rx Bytes   Tx Bytes
-------------------------------------------------------
fffffffe          0          0          0          0
   1      66120  200642261    3135320 17232798458
   2   99550232  101169672 8549919388 8687129508
   3  101273215   99604942 8691422858 8552372268
--- Monitoramento de Tráfego (Switch 2) ---
Porta        Rx Pkts    Tx Pkts    Rx Bytes   Tx Bytes
-------------------------------------------------------
fffffffe          0          0          0          0
   1      23604  200676363     992448 17235689754
   2  101178129   99557538 8688535974 8550384060
   3   99618559  101187877 8553301702 8688680170
--- Monitoramento de Tráfego (Switch 3) ---
Porta        Rx Pkts    Tx Pkts    Rx Bytes   Tx Bytes
-------------------------------------------------------
fffffffe          0          0          0          0
   1      26062  200627471    1095784 17231527250
   2  101161933   99593010 8686453166 8551108476
   3   99637445  101168782 8553365746 8686369992
--- Monitoramento de Tráfego (Switch 6) ---
Porta        Rx Pkts    Tx Pkts    Rx Bytes   Tx Bytes
-------------------------------------------------------
fffffffe          0          0          0          0
   1     124761  203025404    5516478 17437417516
   2  102395095  100753533 8791164054 8652003594
   3  100782756  102472832 8653475564 8794299228
--- Monitoramento de Tráfego (Switch 4) ---
Porta        Rx Pkts    Tx Pkts    Rx Bytes   Tx Bytes
-------------------------------------------------------
fffffffe          0          0          0          0
   1     116682  203049831    5436036 17439496810
   2  102395366  100843372 8791635348 8656862608
   3  100774289  102416314 8653785970 8792985496
--- Monitoramento de Tráfego (Switch 1) ---
Porta        Rx Pkts    Tx Pkts    Rx Bytes   Tx Bytes
-------------------------------------------------------
fffffffe          0          0          0          0
   1      17516  203082130    1505516 17442273492
   2  100754255  102395211 8653137558 8792992758
   3  102402781  100763895 8792955366 8654128186
--- Monitoramento de Tráfego (Switch 5) ---
Porta        Rx Pkts    Tx Pkts    Rx Bytes   Tx Bytes
-------------------------------------------------------
fffffffe          0          0          0          0
   1      66931  203156979    3172198 17448704626
   2  100800470  102440899 8657268944 8796227374
   3  102543162  100854208 8800330940 8659609228
--- Monitoramento de Tráfego (Switch 3) ---
Porta        Rx Pkts    Tx Pkts    Rx Bytes   Tx Bytes
-------------------------------------------------------
fffffffe          0          0          0          0
   1      26412  203119524    1110484 17445487276
   2  102423563  100833316 8794731062 8657570500
   3  100877752  102429626 8659813128 8794576396
--- Monitoramento de Tráfego (Switch 2) ---
Porta        Rx Pkts    Tx Pkts    Rx Bytes   Tx Bytes
-------------------------------------------------------
fffffffe          0          0          0          0
   1      23872  203198825    1003704 17452258542
   2  102453218  100811993 8797971668 8658095526
   3  100872645  102461538 8660946422 8797990364
--- Monitoramento de Tráfego (Switch 6) ---
Porta        Rx Pkts    Tx Pkts    Rx Bytes   Tx Bytes
-------------------------------------------------------
fffffffe          0          0          0          0
   1     126869  205419710    5605014 17642986196
   2  103603480  101941070 8894844324 8753968816
   3  101972139  103684872 8755579302 8898209460
--- Monitoramento de Tráfego (Switch 4) ---
Porta        Rx Pkts    Tx Pkts    Rx Bytes   Tx Bytes
-------------------------------------------------------
fffffffe          0          0          0          0
   1     118158  205456658    5503408 17646140916
   2  103607598  102038010 8895654868 8759401684
   3  101963989  103627428 8755935958 8896900400
--- Monitoramento de Tráfego (Switch 1) ---
Porta        Rx Pkts    Tx Pkts    Rx Bytes   Tx Bytes
-------------------------------------------------------
fffffffe          0          0          0          0
   1      17575  205485240    1510590 17648598720
   2  101947740  103607401 8755616268 8897013166
   3  103617922  101957727 8897220048 8756637858
--- Monitoramento de Tráfego (Switch 5) ---
Porta        Rx Pkts    Tx Pkts    Rx Bytes   Tx Bytes
-------------------------------------------------------
fffffffe          0          0          0          0
   1      67669  205543680    3205878 17653620548
   2  101984911  103646607 8758971334 8899682918
   3  103751639  102039210 8903936646 8761334740
--- Monitoramento de Tráfego (Switch 3) ---
Porta        Rx Pkts    Tx Pkts    Rx Bytes   Tx Bytes
-------------------------------------------------------
fffffffe          0          0          0          0
   1      26752  205524022    1124764 17651931404
   2  103630199  102021535 8898270278 8759567034
   3  102067909  103638360 8761967422 8898295376
--- Monitoramento de Tráfego (Switch 2) ---
Porta        Rx Pkts    Tx Pkts    Rx Bytes   Tx Bytes
-------------------------------------------------------
fffffffe          0          0          0          0
   1      24126  205588477    1014372 17657424610
   2  103656502  101996709 8901228328 8759819814
   3  102058298  103666677 8762722996 8901401646
--- Monitoramento de Tráfego (Switch 6) ---
Porta        Rx Pkts    Tx Pkts    Rx Bytes   Tx Bytes
-------------------------------------------------------
fffffffe          0          0          0          0
   1     128951  207824197    5692458 17849432514
   2  104814071  103133438 8998754330 8856334120
   3  103167859  104897247 8858206042 9002193390
--- Monitoramento de Tráfego (Switch 1) ---
Porta        Rx Pkts    Tx Pkts    Rx Bytes   Tx Bytes
-------------------------------------------------------
fffffffe          0          0          0          0
   1      17634  207871845    1515664 17853509626
   2  103131577  104810281 8857246646 9000270822
   3  104820769  103140288 9000473382 8858163308
--- Monitoramento de Tráfego (Switch 4) ---
Porta        Rx Pkts    Tx Pkts    Rx Bytes   Tx Bytes
-------------------------------------------------------
fffffffe          0          0          0          0
   1     119632  207846541    5570508 17851332818
   2  104813465  103224770 8999155094 8861242008
   3  103151189  104832491 8857858514 9000335422
--- Monitoramento de Tráfego (Switch 3) ---
Porta        Rx Pkts    Tx Pkts    Rx Bytes   Tx Bytes
-------------------------------------------------------
fffffffe          0          0          0          0
   1      27088  207910497    1138876 17856831550
   2  104839487  103211664 9002075946 8861716760
   3  103257690  104846204 8864067556 9001965524
--- Monitoramento de Tráfego (Switch 2) ---
Porta        Rx Pkts    Tx Pkts    Rx Bytes   Tx Bytes
-------------------------------------------------------
fffffffe          0          0          0          0
   1      24379  207975442    1024998 17862366836
   2  104855747  103177990 9004174062 8861232424
   3  103241995  104867425 8864320482 9004473922
--- Monitoramento de Tráfego (Switch 5) ---
Porta        Rx Pkts    Tx Pkts    Rx Bytes   Tx Bytes
-------------------------------------------------------
fffffffe          0          0          0          0
   1      68383  207945232    3238550 17859815684
   2  103173505  104852276 8861016086 9003178272
   3  104960691  103230569 9007635834 8863589734
--- Monitoramento de Tráfego (Switch 6) ---
Porta        Rx Pkts    Tx Pkts    Rx Bytes   Tx Bytes
-------------------------------------------------------
fffffffe          0          0          0          0
   1     130998  210316537    5778432 18063423526
   2  106070223  104370350 9106570358 8962536544
   3  104406483  106155983 8964525902 9110152906
--- Monitoramento de Tráfego (Switch 1) ---
Porta        Rx Pkts    Tx Pkts    Rx Bytes   Tx Bytes
-------------------------------------------------------
fffffffe          0          0          0          0
   1      17638  210379169    1516008 18068786830
   2  104377009  106073907 8964173054 9108736486
   3  106084361  104385614 9108932738 8965087520
--- Monitoramento de Tráfego (Switch 4) ---
Porta        Rx Pkts    Tx Pkts    Rx Bytes   Tx Bytes
-------------------------------------------------------
fffffffe          0          0          0          0
   1     121161  210348734    5640282 18066169448
   2  106080209  104472577 9107875126 8968331934
   3  104398133  106097493 8964922186 9108911662
--- Monitoramento de Tráfego (Switch 3) ---
Porta        Rx Pkts    Tx Pkts    Rx Bytes   Tx Bytes
-------------------------------------------------------
fffffffe          0          0          0          0
   1      27438  210419867    1153576 18072283654
   2  106095981  104452399 9109923730 8968217602
   3  104499085  106105676 8970606582 9110060800
--- Monitoramento de Tráfego (Switch 2) ---
Porta        Rx Pkts    Tx Pkts    Rx Bytes   Tx Bytes
-------------------------------------------------------
fffffffe          0          0          0          0
   1      24645  210488637    1036170 18078147866
   2  106124469  104426464 9113076650 8968419704
   3  104490582  106134357 8971494820 9113217526
--- Monitoramento de Tráfego (Switch 5) ---
Porta        Rx Pkts    Tx Pkts    Rx Bytes   Tx Bytes
-------------------------------------------------------
fffffffe          0          0          0          0
   1      69231  210445117    3276938 18074453666
   2  104413670  106112286 8967496736 9111329568
   3  106226795  104473499 9116227318 8970278734
--- Monitoramento de Tráfego (Switch 6) ---
Porta        Rx Pkts    Tx Pkts    Rx Bytes   Tx Bytes
-------------------------------------------------------
fffffffe          0          0          0          0
   1     132954  212682367    5860584 18266554994
   2  107264066  105544717 9209016336 9063372834
   3  105576176  107349473 9064938576 9212497454
--- Monitoramento de Tráfego (Switch 4) ---
Porta        Rx Pkts    Tx Pkts    Rx Bytes   Tx Bytes
-------------------------------------------------------
fffffffe          0          0          0          0
   1     122582  212707302    5705156 18268677460
   2  107265038  105639931 9209544136 9068524782
   3  105566766  107287042 9065265868 9210988752
--- Monitoramento de Tráfego (Switch 3) ---
Porta        Rx Pkts    Tx Pkts    Rx Bytes   Tx Bytes
-------------------------------------------------------
fffffffe          0          0          0          0
   1      27762  212804589    1167184 18277036798
   2  107302063  105639099 9213427022 9070087498
   3  105684295  107309257 9072331922 9213339910
--- Monitoramento de Tráfego (Switch 5) ---
Porta        Rx Pkts    Tx Pkts    Rx Bytes   Tx Bytes
-------------------------------------------------------
fffffffe          0          0          0          0
   1      70028  212821483    3313096 18278490018
   2  105592691  107311044 9068742150 9214210788
   3  107425289  105651642 9219000846 9071417168
--- Monitoramento de Tráfego (Switch 1) ---
Porta        Rx Pkts    Tx Pkts    Rx Bytes   Tx Bytes
-------------------------------------------------------
fffffffe          0          0          0          0
   1      17638  212766533    1516008 18273766902
   2  105560709  107277245 9065804658 9212010366
   3  107286707  105569441 9212121358 9066745582
--- Monitoramento de Tráfego (Switch 2) ---
Porta        Rx Pkts    Tx Pkts    Rx Bytes   Tx Bytes
-------------------------------------------------------
fffffffe          0          0          0          0
   1      24891  212858443    1046502 18281621430
   2  107317129  105600061 9215434674 9069184130
   3  105667541  107331564 9072529094 9215959560
--- Monitoramento de Tráfego (Switch 6) ---
Porta        Rx Pkts    Tx Pkts    Rx Bytes   Tx Bytes
-------------------------------------------------------
fffffffe          0          0          0          0
   1     134883  215003021    5941602 18465806190
   2  108433379  106696283 9309370058 9162242630
   3  106731377  108521526 9164100594 9313008400
--- Monitoramento de Tráfego (Switch 3) ---
Porta        Rx Pkts    Tx Pkts    Rx Bytes   Tx Bytes
-------------------------------------------------------
fffffffe          0          0          0          0
   1      28080  215079052    1180540 18472322072
   2  108449361  106767604 9311897394 9166956312
   3  106813242  108454905 9169225988 9311661818
--- Monitoramento de Tráfego (Switch 1) ---
Porta        Rx Pkts    Tx Pkts    Rx Bytes   Tx Bytes
-------------------------------------------------------
fffffffe          0          0          0          0
   1      17638  215040464    1516008 18469006740
   2  106689809  108423910 9162745466 9310430852
   3  108433270  106698595 9310529216 9163700542
--- Monitoramento de Tráfego (Switch 4) ---
Porta        Rx Pkts    Tx Pkts    Rx Bytes   Tx Bytes
-------------------------------------------------------
fffffffe          0          0          0          0
   1     123980  215017014    5769076 18466989508
   2  108428787  106786498 9309422642 9166930964
   3  106710995  108449063 9163505758 9310715490
--- Monitoramento de Tráfego (Switch 2) ---
Porta        Rx Pkts    Tx Pkts    Rx Bytes   Tx Bytes
-------------------------------------------------------
fffffffe          0          0          0          0
   1      25129  215131382    1056498 18476775348
   2  108466825  106731626 9314112130 9166336396
   3  106795655  108477595 9169364182 9314319158
--- Monitoramento de Tráfego (Switch 5) ---
Porta        Rx Pkts    Tx Pkts    Rx Bytes   Tx Bytes
-------------------------------------------------------
fffffffe          0          0          0          0
   1      70800  215088955    3348072 18473175050
   2  106717812  108453941 9165350720 9312301122
   3  108569454  106777094 9317115296 9168025164
--- Monitoramento de Tráfego (Switch 6) ---
Porta        Rx Pkts    Tx Pkts    Rx Bytes   Tx Bytes
-------------------------------------------------------
fffffffe          0          0          0          0
   1     136931  217487257    6027618 18679102810
   2  109686513  107929136 9416904166 9268100852
   3  107963580  109778048 9269879104 9420752540
--- Monitoramento de Tráfego (Switch 4) ---
Porta        Rx Pkts    Tx Pkts    Rx Bytes   Tx Bytes
-------------------------------------------------------
fffffffe          0          0          0          0
   1     125497  217523700    5838334 18682213784
   2  109692170  108031554 9417842836 9273797212
   3  107952526  109711754 9270105856 9419071124
--- Monitoramento de Tráfego (Switch 3) ---
Porta        Rx Pkts    Tx Pkts    Rx Bytes   Tx Bytes
-------------------------------------------------------
fffffffe          0          0          0          0
   1      28436  217639887    1195492 18692195138
   2  109736891  108036258 9422399634 9275847304
   3  108086438  109747866 9278492688 9422623672
--- Monitoramento de Tráfego (Switch 1) ---
Porta        Rx Pkts    Tx Pkts    Rx Bytes   Tx Bytes
-------------------------------------------------------
fffffffe          0          0          0          0
   1      17638  217573822    1516008 18686520740
   2  107949394  109703789 9270887572 9420281654
   3  109711918  107956442 9420269600 9271702528
--- Monitoramento de Tráfego (Switch 5) ---
Porta        Rx Pkts    Tx Pkts    Rx Bytes   Tx Bytes
-------------------------------------------------------
fffffffe          0          0          0          0
   1      71680  217672203    3387936 18694971102
   2  108005152  109761930 9275876864 9424563084
   3  109877988  108063691 9429324884 9278454206
--- Monitoramento de Tráfego (Switch 2) ---
Porta        Rx Pkts    Tx Pkts    Rx Bytes   Tx Bytes
-------------------------------------------------------
fffffffe          0          0          0          0
   1      25401  217718473    1067922 18698902882
   2  109766764  108013212 9425687636 9276357988
   3  108077281  109777779 9279364706 9425909178
--- Monitoramento de Tráfego (Switch 6) ---
Porta        Rx Pkts    Tx Pkts    Rx Bytes   Tx Bytes
-------------------------------------------------------
fffffffe          0          0          0          0
   1     138811  219757034    6106634 18873986188
   2  110834827  109059381 9515447202 9365097374
   3  109091722  110924236 9366676372 9519036056
--- Monitoramento de Tráfego (Switch 4) ---
Porta        Rx Pkts    Tx Pkts    Rx Bytes   Tx Bytes
-------------------------------------------------------
fffffffe          0          0          0          0
   1     126885  219786783    5901658 18876521790
   2  110834567  109157216 9515881006 9370369284
   3  109082806  110858521 9367108228 9517480586
--- Monitoramento de Tráfego (Switch 1) ---
Porta        Rx Pkts    Tx Pkts    Rx Bytes   Tx Bytes
-------------------------------------------------------
fffffffe          0          0          0          0
   1      17638  219826442    1516008 18879931052
   2  109068377  110840626 9366928210 9517852768
   3  110849071  109074786 9517858406 9367693784
--- Monitoramento de Tráfego (Switch 3) ---
Porta        Rx Pkts    Tx Pkts    Rx Bytes   Tx Bytes
-------------------------------------------------------
fffffffe          0          0          0          0
   1      28746  219867239    1208512 18883435622
   2  110860659  109142147 9518843994 9370754210
   3  109192174  110870776 9373369824 9518988512
--- Monitoramento de Tráfego (Switch 5) ---
Porta        Rx Pkts    Tx Pkts    Rx Bytes   Tx Bytes
-------------------------------------------------------
fffffffe          0          0          0          0
   1      72436  219888368    3422196 18885250840
   2  109098509  110874127 9369730802 9520009034
   3  110994496  109160153 9525061872 9372550886
--- Monitoramento de Tráfego (Switch 2) ---
Porta        Rx Pkts    Tx Pkts    Rx Bytes   Tx Bytes
-------------------------------------------------------
fffffffe          0          0          0          0
   1      25629  219924791    1077498 18888337374
   2  110880902  109107612 9521309872 9370297476
   3  109175772  110893646 9373641016 9521675464
--- Monitoramento de Tráfego (Switch 6) ---
Porta        Rx Pkts    Tx Pkts    Rx Bytes   Tx Bytes
-------------------------------------------------------
fffffffe          0          0          0          0
   1     140890  222240033    6193952 19087171894
   2  112086281  110290573 9622833982 9470762442
   3  110324354  112177849 9472444436 9626528490
--- Monitoramento de Tráfego (Switch 1) ---
Porta        Rx Pkts    Tx Pkts    Rx Bytes   Tx Bytes
-------------------------------------------------------
fffffffe          0          0          0          0
   1      17638  222302855    1516008 19092550942
   2  110298017  112089191 9472457830 9625006118
   3  112097449  110303884 9624995766 9473189500
--- Monitoramento de Tráfego (Switch 4) ---
Porta        Rx Pkts    Tx Pkts    Rx Bytes   Tx Bytes
-------------------------------------------------------
fffffffe          0          0          0          0
   1     128512  222272284    5975448 19089921252
   2  112091840  110394651 9623772032 9476528186
   3  110315091  112111196 9472867558 9624972736
--- Monitoramento de Tráfego (Switch 3) ---
Porta        Rx Pkts    Tx Pkts    Rx Bytes   Tx Bytes
-------------------------------------------------------
fffffffe          0          0          0          0
   1      29092  222352694    1223044 19096831988
   2  112115141  110377680 9626504526 9476766412
   3  110427757  112125469 9479369250 9626658398
--- Monitoramento de Tráfego (Switch 5) ---
Porta        Rx Pkts    Tx Pkts    Rx Bytes   Tx Bytes
-------------------------------------------------------
fffffffe          0          0          0          0
   1      73287  222388271    3460710 19099887702
   2  110340641  112135019 9476345902 9628220498
   3  112256169  110402700 9633245870 9479170024
--- Monitoramento de Tráfego (Switch 2) ---
Porta        Rx Pkts    Tx Pkts    Rx Bytes   Tx Bytes
-------------------------------------------------------
fffffffe          0          0          0          0
   1      25890  222428321    1088460 19103285558
   2  112146391  110353199 9629916070 9477193970
   3  110417838  112156342 9480213200 9630041216
--- Monitoramento de Tráfego (Switch 6) ---
Porta        Rx Pkts    Tx Pkts    Rx Bytes   Tx Bytes
-------------------------------------------------------
fffffffe          0          0          0          0
   1     142944  224732373    6280220 19301157898
   2  113344433  111531674 9730798778 9577306616
   3  111565717  113438580 9578987274 9734637060
--- Monitoramento de Tráfego (Switch 4) ---
Porta        Rx Pkts    Tx Pkts    Rx Bytes   Tx Bytes
-------------------------------------------------------
fffffffe          0          0          0          0
   1     130149  224767426    6049702 19304148004
   2  113348092  111631666 9731577316 9582680084
   3  111554825  113370315 9579294558 9733020458
--- Monitoramento de Tráfego (Switch 2) ---
Porta        Rx Pkts    Tx Pkts    Rx Bytes   Tx Bytes
-------------------------------------------------------
fffffffe          0          0          0          0
   1      26152  224895425    1099464 19315104994
   2  113390777  111578296 9736710226 9582354404
   3  111643310  113401528 9585398928 9736899444
--- Monitoramento de Tráfego (Switch 1) ---
Porta        Rx Pkts    Tx Pkts    Rx Bytes   Tx Bytes
-------------------------------------------------------
fffffffe          0          0          0          0
   1      17638  224807457    1516008 19307590406
   2  111536511  113348736 9578767594 9733103808
   3  113358571  111544972 9733224850 9579736160
--- Monitoramento de Tráfego (Switch 5) ---
Porta        Rx Pkts    Tx Pkts    Rx Bytes   Tx Bytes
-------------------------------------------------------
fffffffe          0          0          0          0
   1      74126  224861446    3498776 19312228296
   2  111567313  113381656 9581654594 9735205308
   3  113504871  111629365 9740322202 9584451574
--- Monitoramento de Tráfego (Switch 3) ---
Porta        Rx Pkts    Tx Pkts    Rx Bytes   Tx Bytes
-------------------------------------------------------
fffffffe          0          0          0          0
   1      29438  224847035    1237576 19310990370
   2  113373492  111617952 9734494168 9583222104
   3  111665210  113380992 9585558620 9734400672
--- Monitoramento de Tráfego (Switch 6) ---
Porta        Rx Pkts    Tx Pkts    Rx Bytes   Tx Bytes
-------------------------------------------------------
fffffffe          0          0          0          0
   1     144823  226975396    6359138 19493733624
   2  114472985  112638809 9827641026 9672347278
   3  112676607  114568941 9674328570 9831558582
--- Monitoramento de Tráfego (Switch 3) ---
Porta        Rx Pkts    Tx Pkts    Rx Bytes   Tx Bytes
-------------------------------------------------------
fffffffe          0          0          0          0
   1      29748  227054651    1250596 19500525958
   2  114486054  112712061 9829958208 9677121534
   3  112761111  114494885 9679588638 9829978382
--- Monitoramento de Tráfego (Switch 4) ---
Porta        Rx Pkts    Tx Pkts    Rx Bytes   Tx Bytes
-------------------------------------------------------
fffffffe          0          0          0          0
   1     131604  226991829    6115740 19495125054
   2  114467278  112736303 9827608788 9677459922
   3  112655188  114488866 9673753804 9829004212
--- Monitoramento de Tráfego (Switch 1) ---
Porta        Rx Pkts    Tx Pkts    Rx Bytes   Tx Bytes
-------------------------------------------------------
fffffffe          0          0          0          0
   1      17638  227016396    1516008 19497239512
   2  112635941  114464890 9673128962 9828878672
   3  114473747  112641865 9828916338 9673899974
--- Monitoramento de Tráfego (Switch 5) ---
Porta        Rx Pkts    Tx Pkts    Rx Bytes   Tx Bytes
-------------------------------------------------------
fffffffe          0          0          0          0
   1      74884  227068547    3533120 19501719878
   2  112662902  114496241 9675706400 9830847230
   3  114622563  112726613 9836157922 9678620978
--- Monitoramento de Tráfego (Switch 2) ---
Porta        Rx Pkts    Tx Pkts    Rx Bytes   Tx Bytes
-------------------------------------------------------
fffffffe          0          0          0          0
   1      26386  227110679    1109292 19505296390
   2  114503590  112675103 9832200604 9676490794
   3  112745560  114518573 9679997104 9832749050
--- Monitoramento de Tráfego (Switch 6) ---
Porta        Rx Pkts    Tx Pkts    Rx Bytes   Tx Bytes
-------------------------------------------------------
fffffffe          0          0          0          0
   1     146714  229301326    6438560 19693431160
   2  115647500  113794509 9928416372 9771580634
   3  113829362  115743782 9773285420 9932291360
--- Monitoramento de Tráfego (Switch 4) ---
Porta        Rx Pkts    Tx Pkts    Rx Bytes   Tx Bytes
-------------------------------------------------------
fffffffe          0          0          0          0
   1     133128  229338772    6185072 19696626552
   2  115651739  113901796 9929232530 9777491096
   3  113820636  115675193 9773824116 9930791046
--- Monitoramento de Tráfego (Switch 1) ---
Porta        Rx Pkts    Tx Pkts    Rx Bytes   Tx Bytes
-------------------------------------------------------
fffffffe          0          0          0          0
   1      17638  229400890    1516008 19701965000
   2  113816942  115665510 9774527472 9931897752
   3  115677177  113825021 9932173226 9775496054
--- Monitoramento de Tráfego (Switch 3) ---
Porta        Rx Pkts    Tx Pkts    Rx Bytes   Tx Bytes
-------------------------------------------------------
fffffffe          0          0          0          0
   1      30086  229460701    1264792 19707102082
   2  115703509  113910847 9934413066 9780029314
   3  113959297  115711668 9782425902 9934368432
--- Monitoramento de Tráfego (Switch 5) ---
Porta        Rx Pkts    Tx Pkts    Rx Bytes   Tx Bytes
-------------------------------------------------------
fffffffe          0          0          0          0
   1      75710  229488090    3570640 19709454916
   2  113866428  115718867 9779051748 9935748270
   3  115844678  113928567 9940935344 9781802338
--- Monitoramento de Tráfego (Switch 2) ---
Porta        Rx Pkts    Tx Pkts    Rx Bytes   Tx Bytes
-------------------------------------------------------
fffffffe          0          0          0          0
   1      26642  229535995    1120044 19713526754
   2  115729185  113878985 9937358014 9779855330
   3  113946827  115741744 9783117654 9937693020
--- Monitoramento de Tráfego (Switch 6) ---
Porta        Rx Pkts    Tx Pkts    Rx Bytes   Tx Bytes
-------------------------------------------------------
fffffffe          0          0          0          0
   1     148758  231788445    6524408 19906967318
   2  116901354  115027481 10035952256 9877401934
   3  115062926  117000277 9879131124 10039971150
--- Monitoramento de Tráfego (Switch 4) ---
Porta        Rx Pkts    Tx Pkts    Rx Bytes   Tx Bytes
-------------------------------------------------------
fffffffe          0          0          0          0
   1     134719  231796093    6257350 19907603942
   2  116894356  115123068 10035803612 9882261444
   3  115042127  116916572 9878659434 10037257160
--- Monitoramento de Tráfego (Switch 1) ---
Porta        Rx Pkts    Tx Pkts    Rx Bytes   Tx Bytes
-------------------------------------------------------
fffffffe          0          0          0          0
   1      17638  231836543    1516008 19911082330
   2  115029589  116897245 9878596018 10037547322
   3  116905277  115034568 10037508514 9879309572
--- Monitoramento de Tráfego (Switch 2) ---
Porta        Rx Pkts    Tx Pkts    Rx Bytes   Tx Bytes
-------------------------------------------------------
fffffffe          0          0          0          0
   1      26894  231920846    1130628 19918282356
   2  116933065  115063922 10040618862 9881542864
   3  115132495  116945980 9884851262 10040981024
--- Monitoramento de Tráfego (Switch 3) ---
Porta        Rx Pkts    Tx Pkts    Rx Bytes   Tx Bytes
-------------------------------------------------------
fffffffe          0          0          0          0
   1      30420  231872640    1278820 19914183388
   2  116915756  115104882 10038388192 9882480836
   3  115156208  116925521 9885105324 10038475746
--- Monitoramento de Tráfego (Switch 5) ---
Porta        Rx Pkts    Tx Pkts    Rx Bytes   Tx Bytes
-------------------------------------------------------
fffffffe          0          0          0          0
   1      76530  231887394    3607808 19915450912
   2  115056280  116927154 9881173336 10039384112
   3  117055026  115119660 10044662284 9883999472
--- Monitoramento de Tráfego (Switch 6) ---
Porta        Rx Pkts    Tx Pkts    Rx Bytes   Tx Bytes
-------------------------------------------------------
fffffffe          0          0          0          0
   1     150666  234116621    6604544 20106854558
   2  118085305  116192700 10137555290 9977454024
   3  116229500  118185085 9979274632 10141572406
--- Monitoramento de Tráfego (Switch 4) ---
Porta        Rx Pkts    Tx Pkts    Rx Bytes   Tx Bytes
-------------------------------------------------------
fffffffe          0          0          0          0
   1     136237  234142081    6326298 20109020558
   2  118076565  116288339 10137255210 9982273314
   3  116204793  118098642 9978492430 10138700276
--- Monitoramento de Tráfego (Switch 1) ---
Porta        Rx Pkts    Tx Pkts    Rx Bytes   Tx Bytes
-------------------------------------------------------
fffffffe          0          0          0          0
   1      17638  234182746    1516008 20112517332
   2  116191843  118078157 9978392302 10138900478
   3  118090026  116198404 10139191256 9979246336
--- Monitoramento de Tráfego (Switch 2) ---
Porta        Rx Pkts    Tx Pkts    Rx Bytes   Tx Bytes
-------------------------------------------------------
fffffffe          0          0          0          0
   1      27146  234273168    1141212 20120243096
   2  118118228  116230863 10142339968 9981743414
   3  116300386  118131947 9985107180 10142767058
--- Monitoramento de Tráfego (Switch 3) ---
Porta        Rx Pkts    Tx Pkts    Rx Bytes   Tx Bytes
-------------------------------------------------------
fffffffe          0          0          0          0
   1      30740  234222364    1292260 20115921068
   2  118101114  116270890 10140120424 9982575032
   3  116322866  118111353 9985236708 10140240754
--- Monitoramento de Tráfego (Switch 5) ---
Porta        Rx Pkts    Tx Pkts    Rx Bytes   Tx Bytes
-------------------------------------------------------
fffffffe          0          0          0          0
   1      77321  234241671    3643726 20117579650
   2  116223847  118114038 9981431470 10141251944
   3  118243204  116287042 10146556784 9984214396
--- Monitoramento de Tráfego (Switch 6) ---
Porta        Rx Pkts    Tx Pkts    Rx Bytes   Tx Bytes
-------------------------------------------------------
fffffffe          0          0          0          0
   1     152606  236467875    6686024 20308720174
   2  119261184  117349403 10238468300 10076773038
   3  117386837  119361376 10078623470 10242454444
--- Monitoramento de Tráfego (Switch 1) ---
Porta        Rx Pkts    Tx Pkts    Rx Bytes   Tx Bytes
-------------------------------------------------------
fffffffe          0          0          0          0
   1      17638  236502946    1516008 20311716920
   2  117346780  119250529 10077558704 10239529606
   3  119261004  117350785 10239700684 10078201186
--- Monitoramento de Tráfego (Switch 3) ---
Porta        Rx Pkts    Tx Pkts    Rx Bytes   Tx Bytes
-------------------------------------------------------
fffffffe          0          0          0          0
   1      31058  236537661    1305616 20314699630
   2  119269881  117420404 10240433282 10081252508
   3  117474286  119280585 10084058304 10240584186
--- Monitoramento de Tráfego (Switch 4) ---
Porta        Rx Pkts    Tx Pkts    Rx Bytes   Tx Bytes
-------------------------------------------------------
fffffffe          0          0          0          0
   1     137768  236475847    6395748 20309384918
   2  119253318  117446936 10238243700 10081710896
   3  117360654  119273215 10077739084 10239501090
--- Monitoramento de Tráfego (Switch 2) ---
Porta        Rx Pkts    Tx Pkts    Rx Bytes   Tx Bytes
-------------------------------------------------------
fffffffe          0          0          0          0
   1      27393  236584998    1151586 20318724352
   2  119283257  117376850 10242339310 10080141128
   3  117446004  119296771 10083449944 10242741454
--- Monitoramento de Tráfego (Switch 5) ---
Porta        Rx Pkts    Tx Pkts    Rx Bytes   Tx Bytes
-------------------------------------------------------
fffffffe          0          0          0          0
   1      78104  236552287    3679208 20315956394
   2  117369556  119279535 10079813260 10241291478
   3  119413153  117435158 10246895758 10082771760
--- Monitoramento de Tráfego (Switch 6) ---
Porta        Rx Pkts    Tx Pkts    Rx Bytes   Tx Bytes
-------------------------------------------------------
fffffffe          0          0          0          0
   1     154631  238911487    6771074 20518518422
   2  120494767  118560495 10344325438 10180764122
   3  118601744  120600347 10182920176 10348704570
--- Monitoramento de Tráfego (Switch 1) ---
Porta        Rx Pkts    Tx Pkts    Rx Bytes   Tx Bytes
-------------------------------------------------------
fffffffe          0          0          0          0
   1      17638  238972819    1516008 20523769514
   2  118568075  120492723 10182419534 10346149714
   3  120504999  118573370 10346474886 10183189588
--- Monitoramento de Tráfego (Switch 4) ---
Porta        Rx Pkts    Tx Pkts    Rx Bytes   Tx Bytes
-------------------------------------------------------
fffffffe          0          0          0          0
   1     139364  238937935    6468236 20520769486
   2  120493266  118668485 10344656520 10186563910
   3  118579555  120514092 10182400718 10345983796
--- Monitoramento de Tráfego (Switch 2) ---
Porta        Rx Pkts    Tx Pkts    Rx Bytes   Tx Bytes
-------------------------------------------------------
fffffffe          0          0          0          0
   1      27657  239079791    1162674 20532916242
   2  120539742  118615391 10350185788 10186482982
   3  118683874  120553705 10189728792 10350621506
--- Monitoramento de Tráfego (Switch 5) ---
Porta        Rx Pkts    Tx Pkts    Rx Bytes   Tx Bytes
-------------------------------------------------------
fffffffe          0          0          0          0
   1      78946  239042142    3717400 20529724676
   2  118603671  120533602 10185791606 10348929720
   3  120669680  118670909 10354650536 10188857930
--- Monitoramento de Tráfego (Switch 3) ---
Porta        Rx Pkts    Tx Pkts    Rx Bytes   Tx Bytes
-------------------------------------------------------
fffffffe          0          0          0          0
   1      31400  239019821    1319980 20527807226
   2  120520231  118651424 10347748558 10186943828
   3  118705152  120530278 10189710700 10347832964
--- Monitoramento de Tráfego (Switch 6) ---
Porta        Rx Pkts    Tx Pkts    Rx Bytes   Tx Bytes
-------------------------------------------------------
fffffffe          0          0          0          0
   1     156651  241350026    6855914 20727878168
   2  121722901  119770678 10449716846 10284669152
   3  119811256  121828986 10286744072 10454068732
--- Monitoramento de Tráfego (Switch 2) ---
Porta        Rx Pkts    Tx Pkts    Rx Bytes   Tx Bytes
-------------------------------------------------------
fffffffe          0          0          0          0
   1      27916  241516216    1173552 20742094236
   2  121769202  119823124 10455709816 10290167720
   3  119895192  121783445 10293710184 10456164154
--- Monitoramento de Tráfego (Switch 4) ---
Porta        Rx Pkts    Tx Pkts    Rx Bytes   Tx Bytes
-------------------------------------------------------
fffffffe          0          0          0          0
   1     140953  241362277    6540342 20728909854
   2  121717334  119872540 10449701312 10289899920
   3  119790378  121742804 10286360632 10451425072
--- Monitoramento de Tráfego (Switch 3) ---
Porta        Rx Pkts    Tx Pkts    Rx Bytes   Tx Bytes
-------------------------------------------------------
fffffffe          0          0          0          0
   1      31736  241453481    1334092 20736747966
   2  121749377  119862935 10453239582 10290941254
   3  119913774  121758115 10293438648 10453200914
--- Monitoramento de Tráfego (Switch 5) ---
Porta        Rx Pkts    Tx Pkts    Rx Bytes   Tx Bytes
-------------------------------------------------------
fffffffe          0          0          0          0
   1      79774  241469143    3754904 20738093494
   2  119807617  121757743 10289168858 10453994834
   3  121894583  119874751 10459694934 10292195354
--- Monitoramento de Tráfego (Switch 1) ---
Porta        Rx Pkts    Tx Pkts    Rx Bytes   Tx Bytes
-------------------------------------------------------
fffffffe          0          0          0          0
   1      17638  241407164    1516008 20732769192
   2  119778797  121723937 10286363310 10451824826
   3  121735825  119785189 10452113886 10287242994
--- Monitoramento de Tráfego (Switch 6) ---
Porta        Rx Pkts    Tx Pkts    Rx Bytes   Tx Bytes
-------------------------------------------------------
fffffffe          0          0          0          0
   1     158652  243791045    6939956 20937452458
   2  122955754  120982639 10555476244 10388729706
   3  121022060  123062677 10390687112 10559828330
--- Monitoramento de Tráfego (Switch 4) ---
Porta        Rx Pkts    Tx Pkts    Rx Bytes   Tx Bytes
-------------------------------------------------------
fffffffe          0          0          0          0
   1     142548  243812390    6612744 20939264964
   2  122952662  121089919 10555676036 10394384102
   3  121001371  122975227 10390338186 10557147222
--- Monitoramento de Tráfego (Switch 1) ---
Porta        Rx Pkts    Tx Pkts    Rx Bytes   Tx Bytes
-------------------------------------------------------
fffffffe          0          0          0          0
   1      17638  243852560    1516008 20942719220
   2  120989749  122954320 10390323090 10557384740
   3  122966296  120994261 10557678412 10391062586
--- Monitoramento de Tráfego (Switch 2) ---
Porta        Rx Pkts    Tx Pkts    Rx Bytes   Tx Bytes
-------------------------------------------------------
fffffffe          0          0          0          0
   1      28178  243963743    1184556 20952227326
   2  123003482  121038607 10561604448 10394517910
   3  121109740  123018383 10397971908 10562113658
--- Monitoramento de Tráfego (Switch 5) ---
Porta        Rx Pkts    Tx Pkts    Rx Bytes   Tx Bytes
-------------------------------------------------------
fffffffe          0          0          0          0
   1      80597  243913400    3792298 20947945848
   2  121024268  122995165 10393639228 10560155806
   3  123132498  121090042 10565814512 10396523612
--- Monitoramento de Tráfego (Switch 3) ---
Porta        Rx Pkts    Tx Pkts    Rx Bytes   Tx Bytes
-------------------------------------------------------
fffffffe          0          0          0          0
   1      32068  243894601    1348036 20946331110
   2  122979904  121073125 10558810668 10394827782
   3  121125463  122989653 10397435658 10558851278
--- Monitoramento de Tráfego (Switch 6) ---
Porta        Rx Pkts    Tx Pkts    Rx Bytes   Tx Bytes
-------------------------------------------------------
fffffffe          0          0          0          0
   1     160666  246204837    7024544 21144688098
   2  124174872  122180997 10660041900 10491581114
   3  122220670  124282519 10493540152 10664370906
--- Monitoramento de Tráfego (Switch 1) ---
Porta        Rx Pkts    Tx Pkts    Rx Bytes   Tx Bytes
-------------------------------------------------------
fffffffe          0          0          0          0
   1      17638  246260660    1516008 21149466544
   2  122184701  124168364 10492879898 10661531024
   3  124183108  122190901 10662054676 10493770698
--- Monitoramento de Tráfego (Switch 4) ---
Porta        Rx Pkts    Tx Pkts    Rx Bytes   Tx Bytes
-------------------------------------------------------
fffffffe          0          0          0          0
   1     144102  246217644    6683336 21145766748
   2  124168063  122284038 10659934242 10496839960
   3  122199729  124193650 10493189166 10661653748
--- Monitoramento de Tráfego (Switch 5) ---
Porta        Rx Pkts    Tx Pkts    Rx Bytes   Tx Bytes
-------------------------------------------------------
fffffffe          0          0          0          0
   1      81414  246317123    3829296 21154317274
   2  122213197  124205039 10495679910 10663936918
   3  124345717  122282491 10669791198 10498838590
--- Monitoramento de Tráfego (Switch 3) ---
Porta        Rx Pkts    Tx Pkts    Rx Bytes   Tx Bytes
-------------------------------------------------------
fffffffe          0          0          0          0
   1      32404  246308155    1362148 21153546478
   2  124195943  122269825 10663128122 10497521894
   3  122321593  124205138 10500058178 10663116212
--- Monitoramento de Tráfego (Switch 2) ---
Porta        Rx Pkts    Tx Pkts    Rx Bytes   Tx Bytes
-------------------------------------------------------
fffffffe          0          0          0          0
   1      28432  246362194    1195224 21158145380
   2  124214612  122229167 10665500744 10496685686
   3  122299340  124228546 10500046308 10665926896
--- Monitoramento de Tráfego (Switch 6) ---
Porta        Rx Pkts    Tx Pkts    Rx Bytes   Tx Bytes
-------------------------------------------------------
fffffffe          0          0          0          0
   1     162586  248522794    7105240 21343697412
   2  125344224  123331272 10760392100 10590239932
   3  123376025  125457004 10592612546 10765085484
--- Monitoramento de Tráfego (Switch 4) ---
Porta        Rx Pkts    Tx Pkts    Rx Bytes   Tx Bytes
-------------------------------------------------------
fffffffe          0          0          0          0
   1     145609  248543030    6751734 21345413552
   2  125341384  123441353 10760620320 10596057470
   3  123356255  125366436 10592383030 10762296428
--- Monitoramento de Tráfego (Switch 1) ---
Porta        Rx Pkts    Tx Pkts    Rx Bytes   Tx Bytes
-------------------------------------------------------
fffffffe          0          0          0          0
   1      17638  248613544    1516008 21351474384
   2  123358015  125357970 10593511690 10763626860
   3  125368812  123359211 10763812984 10593978298
--- Monitoramento de Tráfego (Switch 3) ---
Porta        Rx Pkts    Tx Pkts    Rx Bytes   Tx Bytes
-------------------------------------------------------
fffffffe          0          0          0          0
   1      32727  248678281    1375714 21357034846
   2  125395153  123451607 10766041982 10598854850
   3  123503313  125403316 10601369138 10765934620
--- Monitoramento de Tráfego (Switch 5) ---
Porta        Rx Pkts    Tx Pkts    Rx Bytes   Tx Bytes
-------------------------------------------------------
fffffffe          0          0          0          0
   1      82218  248707908    3865792 21359579160
   2  123402750  125410950 10597712180 10767429460
   3  125555003  123472588 10773488914 10600891612
--- Monitoramento de Tráfego (Switch 2) ---
Porta        Rx Pkts    Tx Pkts    Rx Bytes   Tx Bytes
-------------------------------------------------------
fffffffe          0          0          0          0
   1      28684  248752244    1205808 21363344480
   2  125419535  123417797 10768910890 10598639110
   3  123491088  125434514 10602239408 10769419544
--- Monitoramento de Tráfego (Switch 6) ---
Porta        Rx Pkts    Tx Pkts    Rx Bytes   Tx Bytes
-------------------------------------------------------
fffffffe          0          0          0          0
   1     164533  250889222    7187014 21546862500
   2  126536817  124505456 10862693410 10691033272
   3  124547178  126648651 10693123980 10867231882
--- Monitoramento de Tráfego (Switch 4) ---
Porta        Rx Pkts    Tx Pkts    Rx Bytes   Tx Bytes
-------------------------------------------------------
fffffffe          0          0          0          0
   1     147172  250923549    6822616 21549788514
   2  126541669  124624795 10863580742 10697602910
   3  124534445  126565259 10693520878 10865134702
--- Monitoramento de Tráfego (Switch 1) ---
Porta        Rx Pkts    Tx Pkts    Rx Bytes   Tx Bytes
-------------------------------------------------------
fffffffe          0          0          0          0
   1      17638  250958106    1516008 21552761564
   2  124521285  126543359 10693372742 10865328854
   3  126552217  124524684 10865338026 10694033188
--- Monitoramento de Tráfego (Switch 5) ---
Porta        Rx Pkts    Tx Pkts    Rx Bytes   Tx Bytes
-------------------------------------------------------
fffffffe          0          0          0          0
   1      83005  251028408    3901442 21558801488
   2  124555775  126584462 10696694798 10868106464
   3  126727010  124623783 10873953140 10699687710
--- Monitoramento de Tráfego (Switch 2) ---
Porta        Rx Pkts    Tx Pkts    Rx Bytes   Tx Bytes
-------------------------------------------------------
fffffffe          0          0          0          0
   1      28936  251067838    1216392 21562145740
   2  126586856  124567004 10869062592 10697285256
   3  124638416  126601268 10700697420 10869513888
--- Monitoramento de Tráfego (Switch 3) ---
Porta        Rx Pkts    Tx Pkts    Rx Bytes   Tx Bytes
-------------------------------------------------------
fffffffe          0          0          0          0
   1      33048  251006901    1389196 21556951262
   2  126569553  124607233 10866791318 10698030258
   3  124659811  126577952 10700601870 10866694888
--- Monitoramento de Tráfego (Switch 6) ---
Porta        Rx Pkts    Tx Pkts    Rx Bytes   Tx Bytes
-------------------------------------------------------
fffffffe          0          0          0          0
   1     166473  253298927    7268550 21753748794
   2  127753991  125703080 10967128810 10793802424
   3  125753012  127875846 10796575724 10972454792
--- Monitoramento de Tráfego (Switch 1) ---
Porta        Rx Pkts    Tx Pkts    Rx Bytes   Tx Bytes
-------------------------------------------------------
fffffffe          0          0          0          0
   1      17638  253366558    1516008 21759541296
   2  125713694  127752922 10795684780 10969124380
   3  127765720  125717973 10969469368 10796442338
--- Monitoramento de Tráfego (Switch 4) ---
Porta        Rx Pkts    Tx Pkts    Rx Bytes   Tx Bytes
-------------------------------------------------------
fffffffe          0          0          0          0
   1     148732  253319478    6893372 21755492268
   2  127753630  125817250 10967570448 10799886916
   3  125724988  127773583 10795683840 10968810334
--- Monitoramento de Tráfego (Switch 3) ---
Porta        Rx Pkts    Tx Pkts    Rx Bytes   Tx Bytes
-------------------------------------------------------
fffffffe          0          0          0          0
   1      33374  253406992    1402888 21763012288
   2  127779766  125799222 10970637456 10800291912
   3  125852549  127787990 10802916138 10970519032
--- Monitoramento de Tráfego (Switch 2) ---
Porta        Rx Pkts    Tx Pkts    Rx Bytes   Tx Bytes
-------------------------------------------------------
fffffffe          0          0          0          0
   1      29193  253464566    1227186 21767917220
   2  127796836  125756635 10972893488 10799370350
   3  125832660  127812093 10803162248 10973412110
--- Monitoramento de Tráfego (Switch 5) ---
Porta        Rx Pkts    Tx Pkts    Rx Bytes   Tx Bytes
-------------------------------------------------------
fffffffe          0          0          0          0
   1      83810  253422686    3937936 21764362228
   2  125745292  127794472 10798788032 10971937344
   3  127938274  125814534 10977809080 10801857428
--- Monitoramento de Tráfego (Switch 6) ---
Porta        Rx Pkts    Tx Pkts    Rx Bytes   Tx Bytes
-------------------------------------------------------
fffffffe          0          0          0          0
   1     168387  255701250    7348938 21960000240
   2  128965253  126895613 11071076094 10896151742
   3  126938051  129079232 10898259710 11075653012
--- Monitoramento de Tráfego (Switch 4) ---
Porta        Rx Pkts    Tx Pkts    Rx Bytes   Tx Bytes
-------------------------------------------------------
fffffffe          0          0          0          0
   1     150302  255716198    6964636 21961262720
   2  128959188  127006080 11071028524 10901875608
   3  126913227  128983181 10897664298 11072614318
--- Monitoramento de Tráfego (Switch 1) ---
Porta        Rx Pkts    Tx Pkts    Rx Bytes   Tx Bytes
-------------------------------------------------------
fffffffe          0          0          0          0
   1      17638  255751490    1516008 21964299336
   2  126897990  128955437 10897322660 11072331786
   3  128967468  126900853 11072611160 10897970778
--- Monitoramento de Tráfego (Switch 3) ---
Porta        Rx Pkts    Tx Pkts    Rx Bytes   Tx Bytes
-------------------------------------------------------
fffffffe          0          0          0          0
   1      33706  255790534    1416832 21967651240
   2  128982090  126983445 11073823216 10901898734
   3  127037285  128991463 10904554690 11073798494
--- Monitoramento de Tráfego (Switch 2) ---
Porta        Rx Pkts    Tx Pkts    Rx Bytes   Tx Bytes
-------------------------------------------------------
fffffffe          0          0          0          0
   1      29447  255840275    1237854 21971883622
   2  128995454  126936885 11075766700 10900662402
   3  127011294  129008708 10904290272 11076107960
--- Monitoramento de Tráfego (Switch 5) ---
Porta        Rx Pkts    Tx Pkts    Rx Bytes   Tx Bytes
-------------------------------------------------------
fffffffe          0          0          0          0
   1      84622  255803500    3974724 21968767472
   2  126924066  128990635 10899964460 11074599798
   3  129137338  126995163 11080636380 10903162514
--- Monitoramento de Tráfego (Switch 6) ---
Porta        Rx Pkts    Tx Pkts    Rx Bytes   Tx Bytes
-------------------------------------------------------
fffffffe          0          0          0          0
   1     170378  258203697    7432616 22174843222
   2  130228413  128138139 11179479326 11002820818
   3  128181947  130344489 11005026738 11184158938
--- Monitoramento de Tráfego (Switch 1) ---
Porta        Rx Pkts    Tx Pkts    Rx Bytes   Tx Bytes
-------------------------------------------------------
fffffffe          0          0          0          0
   1      17639  258263442    1516078 22179958536
   2  128144386  130221720 11004321616 11181014832
   3  130233844  128147787 11181300484 11005028266
--- Monitoramento de Tráfego (Switch 5) ---
Porta        Rx Pkts    Tx Pkts    Rx Bytes   Tx Bytes
-------------------------------------------------------
fffffffe          0          0          0          0
   1      85428  258329173    4011436 22185604370
   2  128178478  130264640 11007663756 11183943832
   3  130414507  128248622 11190164650 11010750580
--- Monitoramento de Tráfego (Switch 3) ---
Porta        Rx Pkts    Tx Pkts    Rx Bytes   Tx Bytes
-------------------------------------------------------
fffffffe          0          0          0          0
   1      34054  258306668    1431448 22183669100
   2  130249699  128232942 11182615922 11009132516
   3  128285789  130257668 11011688474 11182464064
--- Monitoramento de Tráfego (Switch 4) ---
Porta        Rx Pkts    Tx Pkts    Rx Bytes   Tx Bytes
-------------------------------------------------------
fffffffe          0          0          0          0
   1     151956  258230336    7039648 22177109388
   2  130227788  128255175 11179900316 11009061702
   3  128160750  130250686 11004762500 11181390716
--- Monitoramento de Tráfego (Switch 2) ---
Porta        Rx Pkts    Tx Pkts    Rx Bytes   Tx Bytes
-------------------------------------------------------
fffffffe          0          0          0          0
   1      29720  258377440    1249320 22189705940
   2  130272278  128196541 11185353884 11008800266
   3  128272232  130288697 11012504932 11185962894
--- Monitoramento de Tráfego (Switch 6) ---
Porta        Rx Pkts    Tx Pkts    Rx Bytes   Tx Bytes
-------------------------------------------------------
fffffffe          0          0          0          0
   1     172228  260501560    7510316 22372120320
   2  131384915  129276569 11278718910 11100544870
   3  129320126  131502786 11102709776 11283483552
--- Monitoramento de Tráfego (Switch 1) ---
Porta        Rx Pkts    Tx Pkts    Rx Bytes   Tx Bytes
-------------------------------------------------------
fffffffe          0          0          0          0
   1      17639  260565363    1516078 22377583910
   2  129286351  131382134 11102348226 11280611136
   3  131396180  129290923 11281057608 11103164870
--- Monitoramento de Tráfego (Switch 4) ---
Porta        Rx Pkts    Tx Pkts    Rx Bytes   Tx Bytes
-------------------------------------------------------
fffffffe          0          0          0          0
   1     153473  260525723    7108378 22374174126
   2  131388693  129397792 11279526834 11107107024
   3  129301102  131410027 11102651504 11280874186
--- Monitoramento de Tráfego (Switch 3) ---
Porta        Rx Pkts    Tx Pkts    Rx Bytes   Tx Bytes
-------------------------------------------------------
fffffffe          0          0          0          0
   1      34375  260623570    1444930 22382581264
   2  131415725  129380478 11282689022 11107611260
   3  129435473  131426320 11110340982 11282755588
--- Monitoramento de Tráfego (Switch 5) ---
Porta        Rx Pkts    Tx Pkts    Rx Bytes   Tx Bytes
-------------------------------------------------------
fffffffe          0          0          0          0
   1      86159  260651667    4044690 22384996814
   2  129328394  131435540 11106382844 11284436272
   3  131585508  129400950 11290577272 11109648580
--- Monitoramento de Tráfego (Switch 2) ---
Porta        Rx Pkts    Tx Pkts    Rx Bytes   Tx Bytes
-------------------------------------------------------
fffffffe          0          0          0          0
   1      29968  260692269    1259736 22388440394
   2  131442600  129347144 11285801068 11107569004
   3  129419113  131454845 11110927526 11286046594
--- Monitoramento de Tráfego (Switch 6) ---
Porta        Rx Pkts    Tx Pkts    Rx Bytes   Tx Bytes
-------------------------------------------------------
fffffffe          0          0          0          0
   1     174181  262951280    7592398 22582434592
   2  132623243  130493784 11384950842 11205046080
   3  130536126  132740801 11207083188 11389620282
--- Monitoramento de Tráfego (Switch 1) ---
Porta        Rx Pkts    Tx Pkts    Rx Bytes   Tx Bytes
-------------------------------------------------------
fffffffe          0          0          0          0
   1      17639  263023167    1516078 22588591730
   2  130510319  132623374 11207407874 11387113572
   3  132635900  130509383 11387429060 11207755402
--- Monitoramento de Tráfego (Switch 4) ---
Porta        Rx Pkts    Tx Pkts    Rx Bytes   Tx Bytes
-------------------------------------------------------
fffffffe          0          0          0          0
   1     155074  262988830    7181120 22585637716
   2  132627580  130617363 11385807036 11211756978
   3  130521619  132652214 11207423446 11387437108
--- Monitoramento de Tráfego (Switch 5) ---
Porta        Rx Pkts    Tx Pkts    Rx Bytes   Tx Bytes
-------------------------------------------------------
fffffffe          0          0          0          0
   1      86930  263097534    4079800 22594979760
   2  130545575  132670779 11210842518 11390422190
   3  132823342  130617903 11396699596 11214060430
--- Monitoramento de Tráfego (Switch 3) ---
Porta        Rx Pkts    Tx Pkts    Rx Bytes   Tx Bytes
-------------------------------------------------------
fffffffe          0          0          0          0
   1      34718  263081463    1459336 22593596866
   2  132655967  130602070 11389094338 11212425920
   3  130658633  132668564 11215276650 11389323988
--- Monitoramento de Tráfego (Switch 2) ---
Porta        Rx Pkts    Tx Pkts    Rx Bytes   Tx Bytes
-------------------------------------------------------
fffffffe          0          0          0          0
   1      30315  263139651    1274310 22598552878
   2  132676723  130559332 11391692466 11211593128
   3  130635091  132691891 11215249194 11392177622
--- Monitoramento de Tráfego (Switch 6) ---
Porta        Rx Pkts    Tx Pkts    Rx Bytes   Tx Bytes
-------------------------------------------------------
fffffffe          0          0          0          0
   1     176115  265371356    7673654 22790199764
   2  133843447  131693603 11489663074 11308030614
   3  131737316  133963425 11310160500 11494470622
--- Monitoramento de Tráfego (Switch 4) ---
Porta        Rx Pkts    Tx Pkts    Rx Bytes   Tx Bytes
-------------------------------------------------------
fffffffe          0          0          0          0
   1     156643  265383973    7252254 22791261926
   2  133836945  131808110 11489587102 11313926696
   3  131715326  133865940 11309895260 11491593364
--- Monitoramento de Tráfego (Switch 1) ---
Porta        Rx Pkts    Tx Pkts    Rx Bytes   Tx Bytes
-------------------------------------------------------
fffffffe          0          0          0          0
   1      17639  265427753    1516078 22795026998
   2  131699425  133834269 11309483854 11491039306
   3  133847019  131702753 11491364554 11310211274
--- Monitoramento de Tráfego (Switch 3) ---
Porta        Rx Pkts    Tx Pkts    Rx Bytes   Tx Bytes
-------------------------------------------------------
fffffffe          0          0          0          0
   1      35051  265475739    1473350 22799146450
   2  133865986  131790268 11492932380 11314404560
   3  131849328  133878712 11317461588 11493170840
--- Monitoramento de Tráfego (Switch 2) ---
Porta        Rx Pkts    Tx Pkts    Rx Bytes   Tx Bytes
-------------------------------------------------------
fffffffe          0          0          0          0
   1      30702  265539924    1290564 22804617512
   2  133886238  131751814 11495497260 11313973940
   3  131825432  133899959 11317417492 11495845606
--- Monitoramento de Tráfego (Switch 5) ---
Porta        Rx Pkts    Tx Pkts    Rx Bytes   Tx Bytes
-------------------------------------------------------
fffffffe          0          0          0          0
   1      87684  265498789    4114152 22801127114
   2  131735048  133879600 11312980696 11494159460
   3  134033764  131810189 11500500036 11316410826
--- Monitoramento de Tráfego (Switch 6) ---
Porta        Rx Pkts    Tx Pkts    Rx Bytes   Tx Bytes
-------------------------------------------------------
fffffffe          0          0          0          0
   1     178126  267882604    7758172 23005789660
   2  135108609  132941566 11598206698 11415109336
   3  132989906  135234725 11417609048 11603458206
--- Monitoramento de Tráfego (Switch 1) ---
Porta        Rx Pkts    Tx Pkts    Rx Bytes   Tx Bytes
-------------------------------------------------------
fffffffe          0          0          0          0
   1      17639  267953371    1516078 23011850618
   2  132954440  135108163 11417165004 11600342978
   3  135121858  132957646 11600736164 11417889832
--- Monitoramento de Tráfego (Switch 2) ---
Porta        Rx Pkts    Tx Pkts    Rx Bytes   Tx Bytes
-------------------------------------------------------
fffffffe          0          0          0          0
   1      31109  268054963    1307658 23020533130
   2  135153724  133001105 11604251748 11421172474
   3  133075227  135167800 11424627674 11604619904
--- Monitoramento de Tráfego (Switch 5) ---
Porta        Rx Pkts    Tx Pkts    Rx Bytes   Tx Bytes
-------------------------------------------------------
fffffffe          0          0          0          0
   1      88474  268013557    4150148 23017018218
   2  132987211  135152750 11420428702 11603386608
   3  135306962  133061387 11609650408 11423746454
--- Monitoramento de Tráfego (Switch 4) ---
Porta        Rx Pkts    Tx Pkts    Rx Bytes   Tx Bytes
-------------------------------------------------------
fffffffe          0          0          0          0
   1     158304  267917317    7327560 23008749066
   2  135115800  133070463 11599297192 11422185530
   3  132968894  135138797 11417455880 11600796530
--- Monitoramento de Tráfego (Switch 3) ---
Porta        Rx Pkts    Tx Pkts    Rx Bytes   Tx Bytes
-------------------------------------------------------
fffffffe          0          0          0          0
   1      35400  267992940    1488008 23015247640
   2  135136588  133043010 11601942148 11421861964
   3  133098042  135146852 11424553576 11601962388
--- Monitoramento de Tráfego (Switch 6) ---
Porta        Rx Pkts    Tx Pkts    Rx Bytes   Tx Bytes
-------------------------------------------------------
fffffffe          0          0          0          0
   1     180024  270235991    7837888 23207822278
   2  136296616  134108423 11700138464 11515294230
   3  134156763  136423590 11517767538 11705390192
--- Monitoramento de Tráfego (Switch 1) ---
Porta        Rx Pkts    Tx Pkts    Rx Bytes   Tx Bytes
-------------------------------------------------------
fffffffe          0          0          0          0
   1      17639  270293259    1516078 23212723774
   2  134115982  136288376 11516889392 11701623460
   3  136302086  134117905 11702015736 11517509122
--- Monitoramento de Tráfego (Switch 4) ---
Porta        Rx Pkts    Tx Pkts    Rx Bytes   Tx Bytes
-------------------------------------------------------
fffffffe          0          0          0          0
   1     159867  270262743    7398354 23210097994
   2  136296593  134231684 11700615290 11521850452
   3  134131592  136320277 11517283592 11702168174
--- Monitoramento de Tráfego (Switch 2) ---
Porta        Rx Pkts    Tx Pkts    Rx Bytes   Tx Bytes
-------------------------------------------------------
fffffffe          0          0          0          0
   1      31499  270395296    1324038 23221444380
   2  136334316  134160023 11705566304 11520671290
   3  134238387  136351073 11524466070 11706153278
--- Monitoramento de Tráfego (Switch 3) ---
Porta        Rx Pkts    Tx Pkts    Rx Bytes   Tx Bytes
-------------------------------------------------------
fffffffe          0          0          0          0
   1      35730  270344562    1501868 23217128196
   2  136320936  134208550 11703567368 11521903952
   3  134263423  136329553 11524575138 11703443326
--- Monitoramento de Tráfego (Switch 5) ---
Porta        Rx Pkts    Tx Pkts    Rx Bytes   Tx Bytes
-------------------------------------------------------
fffffffe          0          0          0          0
   1      89220  270356182    4184032 23218124576
   2  134144822  136330217 11519820636 11704429978
   3  136489082  134220140 11711004088 11523208324
--- Monitoramento de Tráfego (Switch 6) ---
Porta        Rx Pkts    Tx Pkts    Rx Bytes   Tx Bytes
-------------------------------------------------------
fffffffe          0          0          0          0
   1     181962  272649527    7919284 23415020786
   2  137516027  135307765 11804726846 11618189978
   3  135356057  137644789 11620635094 11810059882
--- Monitoramento de Tráfego (Switch 3) ---
Porta        Rx Pkts    Tx Pkts    Rx Bytes   Tx Bytes
-------------------------------------------------------
fffffffe          0          0          0          0
   1      36060  272737491    1515728 23422557902
   2  137529632  135400123 11807244864 11624104090
   3  135455903  137539846 11626842846 11807254760
--- Monitoramento de Tráfego (Switch 1) ---
Porta        Rx Pkts    Tx Pkts    Rx Bytes   Tx Bytes
-------------------------------------------------------
fffffffe          0          0          0          0
   1      17639  272695569    1516078 23418958670
   2  135311088  137501904 11619417204 11805726080
   3  137514821  135310114 11806036954 11619795036
--- Monitoramento de Tráfego (Switch 4) ---
Porta        Rx Pkts    Tx Pkts    Rx Bytes   Tx Bytes
-------------------------------------------------------
fffffffe          0          0          0          0
   1     161443  272661833    7469826 23416055454
   2  137511493  135426820 11804822082 11624345624
   3  135325179  137533065 11619685058 11806186926
--- Monitoramento de Tráfego (Switch 2) ---
Porta        Rx Pkts    Tx Pkts    Rx Bytes   Tx Bytes
-------------------------------------------------------
fffffffe          0          0          0          0
   1      31886  272794022    1340292 23427371508
   2  137544031  135351889 11809341394 11622920606
   3  135429082  137559161 11626590300 11809778518
--- Monitoramento de Tráfego (Switch 5) ---
Porta        Rx Pkts    Tx Pkts    Rx Bytes   Tx Bytes
-------------------------------------------------------
fffffffe          0          0          0          0
   1      89968  272751454    4218116 23423753604
   2  135334887  137539370 11621922426 11808142868
   3  137702680  135413350 11815021884 11625553896
--- Monitoramento de Tráfego (Switch 6) ---
Porta        Rx Pkts    Tx Pkts    Rx Bytes   Tx Bytes
-------------------------------------------------------
fffffffe          0          0          0          0
   1     183693  274810144    7991986 23600509388
   2  138610196  136382949 11898611668 11710443174
   3  136430553  138737653 11712815102 11903762114
--- Monitoramento de Tráfego (Switch 4) ---
Porta        Rx Pkts    Tx Pkts    Rx Bytes   Tx Bytes
-------------------------------------------------------
fffffffe          0          0          0          0
   1     162891  274843700    7537638 23603369292
   2  138608312  136508088 11898942928 11717093980
   3  136408493  138634480 11712636598 11900695272
--- Monitoramento de Tráfego (Switch 5) ---
Porta        Rx Pkts    Tx Pkts    Rx Bytes   Tx Bytes
-------------------------------------------------------
fffffffe          0          0          0          0
   1      90617  274935940    4247838 23611292420
   2  136420361  138642282 11715066898 11902782672
   3  138802073  136495408 11909286742 11718383152
--- Monitoramento de Tráfego (Switch 3) ---
Porta        Rx Pkts    Tx Pkts    Rx Bytes   Tx Bytes
-------------------------------------------------------
fffffffe          0          0          0          0
   1      36339  274924016    1527446 23610271224
   2  138630709  136484197 11901733354 11717100298
   3  136540511  138640941 11719876982 11901742854
--- Monitoramento de Tráfego (Switch 1) ---
Porta        Rx Pkts    Tx Pkts    Rx Bytes   Tx Bytes
-------------------------------------------------------
fffffffe          0          0          0          0
   1      17640  274884012    1516176 23606836984
   2  136395821  138603843 11712492154 11900301774
   3  138619852  136397807 11900857828 11713130154
--- Monitoramento de Tráfego (Switch 2) ---
Porta        Rx Pkts    Tx Pkts    Rx Bytes   Tx Bytes
-------------------------------------------------------
fffffffe          0          0          0          0
   1      32237  274973261    1355034 23614459962
   2  138644038  136434906 11903751624 11715848396
   3  136512852  138660399 11719559704 11904281370
--- Monitoramento de Tráfego (Switch 6) ---
Porta        Rx Pkts    Tx Pkts    Rx Bytes   Tx Bytes
-------------------------------------------------------
fffffffe          0          0          0          0
   1     185436  277101348    8065192 23797228956
   2  139760937  137518295 11997378810 11807821018
   3  137571089  139892929 11810621502 12002846734
--- Monitoramento de Tráfego (Switch 1) ---
Porta        Rx Pkts    Tx Pkts    Rx Bytes   Tx Bytes
-------------------------------------------------------
fffffffe          0          0          0          0
   1      17643  277159511    1516302 23802208138
   2  137529223  139751995 11809702926 11998848474
   3  139765585  137526877 11999190002 11809972738
--- Monitoramento de Tráfego (Switch 4) ---
Porta        Rx Pkts    Tx Pkts    Rx Bytes   Tx Bytes
-------------------------------------------------------
fffffffe          0          0          0          0
   1     164340  277121602    7606240 23798946980
   2  139756995  137642321 11997525670 11814328686
   3  137538601  139781388 11809564622 11999133488
--- Monitoramento de Tráfego (Switch 3) ---
Porta        Rx Pkts    Tx Pkts    Rx Bytes   Tx Bytes
-------------------------------------------------------
fffffffe          0          0          0          0
   1      36573  277209078    1537274 23806463996
   2  139781563  137620760 12000501362 11814549540
   3  137678320  139792763 11817418428 12000593786
--- Monitoramento de Tráfego (Switch 5) ---
Porta        Rx Pkts    Tx Pkts    Rx Bytes   Tx Bytes
-------------------------------------------------------
fffffffe          0          0          0          0
   1      91206  277221185    4275128 23807500358
   2  137555575  139793274 11812436850 12001565492
   3  139958858  137634376 12008498528 11816054704
--- Monitoramento de Tráfego (Switch 2) ---
Porta        Rx Pkts    Tx Pkts    Rx Bytes   Tx Bytes
-------------------------------------------------------
fffffffe          0          0          0          0
   1      32600  277260695    1370280 23810856130
   2  139799880  137574321 12002957840 11813575166
   3  137649503  139814110 11817016130 12003294604
--- Monitoramento de Tráfego (Switch 6) ---
Porta        Rx Pkts    Tx Pkts    Rx Bytes   Tx Bytes
-------------------------------------------------------
fffffffe          0          0          0          0
   1     187088  279282500    8134576 23984506088
   2  140861633  138606168 12091856286 11901122468
   3  138656197  140995964 11903674006 12097463120
--- Monitoramento de Tráfego (Switch 4) ---
Porta        Rx Pkts    Tx Pkts    Rx Bytes   Tx Bytes
-------------------------------------------------------
fffffffe          0          0          0          0
   1     165704  279302613    7670216 23986211294
   2  140862100  138733354 12092377828 11907854928
   3  138632087  140889520 11903348138 12094250572
--- Monitoramento de Tráfego (Switch 1) ---
Porta        Rx Pkts    Tx Pkts    Rx Bytes   Tx Bytes
-------------------------------------------------------
fffffffe          0          0          0          0
   1      17644  279359793    1516400 23991127838
   2  138619903  140860694 11903237274 12094019396
   3  140872606  138619945 12094214568 11903723970
--- Monitoramento de Tráfego (Switch 5) ---
Porta        Rx Pkts    Tx Pkts    Rx Bytes   Tx Bytes
-------------------------------------------------------
fffffffe          0          0          0          0
   1      91729  279409307    4299426 23995376174
   2  138646306  140899123 11905987780 12096490918
   3  141064248  138721926 12103320724 11909317032
--- Monitoramento de Tráfego (Switch 3) ---
Porta        Rx Pkts    Tx Pkts    Rx Bytes   Tx Bytes
-------------------------------------------------------
fffffffe          0          0          0          0
   1      36767  279400404    1545422 23994614268
   2  140890438  138713912 12095678084 11908270964
   3  138770518  140899370 11911044256 12095576128
--- Monitoramento de Tráfego (Switch 2) ---
Porta        Rx Pkts    Tx Pkts    Rx Bytes   Tx Bytes
-------------------------------------------------------
fffffffe          0          0          0          0
   1      32956  279458899    1385260 23999597978
   2  140909622  138669707 12098219796 11907514518
   3  138746827  140923301 11911096350 12098498882
--- Monitoramento de Tráfego (Switch 6) ---
Porta        Rx Pkts    Tx Pkts    Rx Bytes   Tx Bytes
-------------------------------------------------------
fffffffe          0          0          0          0
   1     188821  281593229    8207362 24182917554
   2  142025434  139749322 12191768256 11999272468
   3  139799442  142157378 12001819520 12197099108
--- Monitoramento de Tráfego (Switch 1) ---
Porta        Rx Pkts    Tx Pkts    Rx Bytes   Tx Bytes
-------------------------------------------------------
fffffffe          0          0          0          0
   1      17647  281638770    1516526 24186813680
   2  139752233  142009413 12000447498 12192637738
   3  142024601  139753948 12193112638 12001087952
--- Monitoramento de Tráfego (Switch 4) ---
Porta        Rx Pkts    Tx Pkts    Rx Bytes   Tx Bytes
-------------------------------------------------------
fffffffe          0          0          0          0
   1     167073  281606230    7734182 24184012836
   2  142017754  139872729 12191585252 12005633226
   3  139768604  142043152 12000928556 12193289316
--- Monitoramento de Tráfego (Switch 3) ---
Porta        Rx Pkts    Tx Pkts    Rx Bytes   Tx Bytes
-------------------------------------------------------
fffffffe          0          0          0          0
   1      36940  281678344    1552688 24190211096
   2  142036180  139842835 12194031308 12005164734
   3  139901799  142047529 12008128266 12194141470
--- Monitoramento de Tráfego (Switch 2) ---
Porta        Rx Pkts    Tx Pkts    Rx Bytes   Tx Bytes
-------------------------------------------------------
fffffffe          0          0          0          0
   1      33315  281739335    1400338 24195407870
   2  142054502  139796522 12196508724 12004250480
   3  139878494  142072148 12008226268 12197118788
--- Monitoramento de Tráfego (Switch 5) ---
Porta        Rx Pkts    Tx Pkts    Rx Bytes   Tx Bytes
-------------------------------------------------------
fffffffe          0          0          0          0
   1      92227  281697659    4322894 24191867002
   2  139779634  142049768 12003293808 12195273200
   3  142216517  139856863 12202172794 12006749502
--- Monitoramento de Tráfego (Switch 6) ---
Porta        Rx Pkts    Tx Pkts    Rx Bytes   Tx Bytes
-------------------------------------------------------
fffffffe          0          0          0          0
   1     190571  283970556    8280862 24387051736
   2  143225127  140931408 12294754518 12100772948
   3  140980054  143357848 12103180596 12300086372
--- Monitoramento de Tráfego (Switch 4) ---
Porta        Rx Pkts    Tx Pkts    Rx Bytes   Tx Bytes
-------------------------------------------------------
fffffffe          0          0          0          0
   1     168505  284030957    7800794 24392216718
   2  143245578  141082810 12296990636 12109498784
   3  140974665  143268567 12104487902 12298482214
--- Monitoramento de Tráfego (Switch 1) ---
Porta        Rx Pkts    Tx Pkts    Rx Bytes   Tx Bytes
-------------------------------------------------------
fffffffe          0          0          0          0
   1      17648  284081309    1516624 24396547626
   2  140963235  143239590 12104420774 12298251180
   3  143253680  140963585 12298630764 12104959454
--- Monitoramento de Tráfego (Switch 3) ---
Porta        Rx Pkts    Tx Pkts    Rx Bytes   Tx Bytes
-------------------------------------------------------
fffffffe          0          0          0          0
   1      37111  284126494    1559870 24400427124
   2  143274951  141063345 12300369914 12109937298
   3  141120266  143283779 12112714020 12300267714
--- Monitoramento de Tráfego (Switch 5) ---
Porta        Rx Pkts    Tx Pkts    Rx Bytes   Tx Bytes
-------------------------------------------------------
fffffffe          0          0          0          0
   1      92746  284178105    4347376 24404855446
   2  141011237  143300612 12109052110 12302654916
   3  143470079  141090150 12309706334 12112634008
--- Monitoramento de Tráfego (Switch 2) ---
Porta        Rx Pkts    Tx Pkts    Rx Bytes   Tx Bytes
-------------------------------------------------------
fffffffe          0          0          0          0
   1      33712  284219956    1417012 24408411996
   2  143303789  141028968 12303754486 12110066096
   3  141108671  143319724 12113827886 12304206580
--- Monitoramento de Tráfego (Switch 6) ---
Porta        Rx Pkts    Tx Pkts    Rx Bytes   Tx Bytes
-------------------------------------------------------
fffffffe          0          0          0          0
   1     192284  286348482    8352808 24591242820
   2  144421004  142110696 12397365716 12202000824
   3  142163311  144559306 12204735478 12403110024
--- Monitoramento de Tráfego (Switch 1) ---
Porta        Rx Pkts    Tx Pkts    Rx Bytes   Tx Bytes
-------------------------------------------------------
fffffffe          0          0          0          0
   1      17651  286404492    1516750 24596038516
   2  142119367  144411292 12203661874 12398801744
   3  144428505  142120797 12399445710 12204295138
--- Monitoramento de Tráfego (Switch 4) ---
Porta        Rx Pkts    Tx Pkts    Rx Bytes   Tx Bytes
-------------------------------------------------------
fffffffe          0          0          0          0
   1     169870  286372423    7864152 24593277650
   2  144421657  142241852 12397906750 12208947016
   3  142135513  144446741 12204132114 12399575906
--- Monitoramento de Tráfego (Switch 2) ---
Porta        Rx Pkts    Tx Pkts    Rx Bytes   Tx Bytes
-------------------------------------------------------
fffffffe          0          0          0          0
   1      34071  286490733    1432090 24603403066
   2  144451044  142158590 12402214764 12207030080
   3  142237472  144465668 12210690872 12402541996
--- Monitoramento de Tráfego (Switch 5) ---
Porta        Rx Pkts    Tx Pkts    Rx Bytes   Tx Bytes
-------------------------------------------------------
fffffffe          0          0          0          0
   1      93203  286459960    4368990 24600798024
   2  142143682  144451213 12206260660 12401395358
   3  144619570  142222319 12408280912 12209802546
--- Monitoramento de Tráfego (Switch 3) ---
Porta        Rx Pkts    Tx Pkts    Rx Bytes   Tx Bytes
-------------------------------------------------------
fffffffe          0          0          0          0
   1      37261  286445876    1566170 24599591804
   2  144440045  142210773 12400342502 12208399110
   3  142270606  144451320 12211415172 12400453532
--- Monitoramento de Tráfego (Switch 6) ---
Porta        Rx Pkts    Tx Pkts    Rx Bytes   Tx Bytes
-------------------------------------------------------
fffffffe          0          0          0          0
   1     193964  288698471    8423368 24793035278
   2  145606264  143276798 12499122376 12302138636
   3  143330604  145745437 12304959416 12504871262
--- Monitoramento de Tráfego (Switch 1) ---
Porta        Rx Pkts    Tx Pkts    Rx Bytes   Tx Bytes
-------------------------------------------------------
fffffffe          0          0          0          0
   1      17652  288752965    1516848 24797700362
   2  143283506  145594080 12303620400 12500353944
   3  145606073  143283203 12500548354 12304116510
--- Monitoramento de Tráfego (Switch 4) ---
Porta        Rx Pkts    Tx Pkts    Rx Bytes   Tx Bytes
-------------------------------------------------------
fffffffe          0          0          0          0
   1     171224  288711284    7926812 24794114592
   2  145599177  143402904 12498998002 12308606764
   3  143297326  145626386 12303901532 12500850032
--- Monitoramento de Tráfego (Switch 3) ---
Porta        Rx Pkts    Tx Pkts    Rx Bytes   Tx Bytes
-------------------------------------------------------
fffffffe          0          0          0          0
   1      37401  288790362    1572050 24800911316
   2  145622001  143376555 12501812766 12308473566
   3  143435167  145631792 12311376102 12501798216
--- Monitoramento de Tráfego (Switch 2) ---
Porta        Rx Pkts    Tx Pkts    Rx Bytes   Tx Bytes
-------------------------------------------------------
fffffffe          0          0          0          0
   1      34453  288846882    1448134 24805723744
   2  145635668  143325958 12503924580 12307264356
   3  143406277  145652618 12311024678 12504441244
--- Monitoramento de Tráfego (Switch 5) ---
Porta        Rx Pkts    Tx Pkts    Rx Bytes   Tx Bytes
-------------------------------------------------------
fffffffe          0          0          0          0
   1      93658  288801973    4390520 24801904698
   2  143306635  145630974 12306128866 12502686412
   3  145802473  143385410 12509765254 12309665312
--- Monitoramento de Tráfego (Switch 6) ---
Porta        Rx Pkts    Tx Pkts    Rx Bytes   Tx Bytes
-------------------------------------------------------
fffffffe          0          0          0          0
   1     195506  290904349    8488132 24982452630
   2  146717362  144370766 12594501616 12396081224
   3  144425225  146858522 12398948558 12600361960
--- Monitoramento de Tráfego (Switch 4) ---
Porta        Rx Pkts    Tx Pkts    Rx Bytes   Tx Bytes
-------------------------------------------------------
fffffffe          0          0          0          0
   1     172514  290929190    7986360 24984564176
   2  146716682  144505443 12594930300 12403245622
   3  144401161  146745862 12398691634 12596947552
--- Monitoramento de Tráfego (Switch 5) ---
Porta        Rx Pkts    Tx Pkts    Rx Bytes   Tx Bytes
-------------------------------------------------------
fffffffe          0          0          0          0
   1      94083  291025608    4410702 24992847032
   2  144412245  146752243 12401075866 12598947042
   3  146923666  144490115 12605951572 12404520262
--- Monitoramento de Tráfego (Switch 3) ---
Porta        Rx Pkts    Tx Pkts    Rx Bytes   Tx Bytes
-------------------------------------------------------
fffffffe          0          0          0          0
   1      37529  291016593    1577426 24992076526
   2  146741193  144481945 12597885802 12403367734
   3  144540685  146751614 12406271930 12597929688
--- Monitoramento de Tráfego (Switch 1) ---
Porta        Rx Pkts    Tx Pkts    Rx Bytes   Tx Bytes
-------------------------------------------------------
fffffffe          0          0          0          0
   1      17655  290976612    1516974 24988642268
   2  144390507  146718229 12398684438 12596864450
   3  146729971  144390284 12597034926 12399190036
--- Monitoramento de Tráfego (Switch 2) ---
Porta        Rx Pkts    Tx Pkts    Rx Bytes   Tx Bytes
-------------------------------------------------------
fffffffe          0          0          0          0
   1      34815  291074810    1463338 24997034184
   2  146759068  144431588 12600370696 12402212136
   3  144514975  146777036 12406204078 12600962856
--- Monitoramento de Tráfego (Switch 6) ---
Porta        Rx Pkts    Tx Pkts    Rx Bytes   Tx Bytes
-------------------------------------------------------
fffffffe          0          0          0          0
   1     197437  293224615    8569234 25181682578
   2  147886535  145525714 12694859838 12495165868
   3  145575795  148026331 12497681122 12700563938
--- Monitoramento de Tráfego (Switch 4) ---
Porta        Rx Pkts    Tx Pkts    Rx Bytes   Tx Bytes
-------------------------------------------------------
fffffffe          0          0          0          0
   1     173839  293234252    8047290 25182489000
   2  147877767  145652487 12694602066 12501633086
   3  145540617  147903304 12496444314 12696299028
--- Monitoramento de Tráfego (Switch 1) ---
Porta        Rx Pkts    Tx Pkts    Rx Bytes   Tx Bytes
-------------------------------------------------------
fffffffe          0          0          0          0
   1      17658  293271274    1517100 25185673180
   2  145531830  147873464 12496614912 12696016756
   3  147887159  145529937 12696349290 12496989334
--- Monitoramento de Tráfego (Switch 3) ---
Porta        Rx Pkts    Tx Pkts    Rx Bytes   Tx Bytes
-------------------------------------------------------
fffffffe          0          0          0          0
   1      37651  293316469    1582550 25189554618
   2  147903283  145625268 12697627798 12501460596
   3  145686896  147913913 12504585756 12697705090
--- Monitoramento de Tráfego (Switch 2) ---
Porta        Rx Pkts    Tx Pkts    Rx Bytes   Tx Bytes
-------------------------------------------------------
fffffffe          0          0          0          0
   1      35186  293367014    1478976 25193853468
   2  147913882  145571475 12699486380 12500019166
   3  145655614  147931324 12504066084 12700034624
--- Monitoramento de Tráfego (Switch 5) ---
Porta        Rx Pkts    Tx Pkts    Rx Bytes   Tx Bytes
-------------------------------------------------------
fffffffe          0          0          0          0
   1      94511  293332293    4431274 25190910238
   2  145556324  147914699 12499255052 12698713334
   3  148087459  145636317 12705810590 12502877906
--- Monitoramento de Tráfego (Switch 6) ---
Porta        Rx Pkts    Tx Pkts    Rx Bytes   Tx Bytes
-------------------------------------------------------
fffffffe          0          0          0          0
   1     199594  295585069    8659828 25384354026
   2  149077750  146702571 12797106264 12596092294
   3  146750056  149217612 12598420832 12802770676
--- Monitoramento de Tráfego (Switch 1) ---
Porta        Rx Pkts    Tx Pkts    Rx Bytes   Tx Bytes
-------------------------------------------------------
fffffffe          0          0          0          0
   1      17658  295665470    1517100 25391241700
   2  146719717  149077959 12598512194 12799408614
   3  149093523  146720283 12799880862 12599109898
--- Monitoramento de Tráfego (Switch 4) ---
Porta        Rx Pkts    Tx Pkts    Rx Bytes   Tx Bytes
-------------------------------------------------------
fffffffe          0          0          0          0
   1     175208  295623453    8110112 25387628246
   2  149081309  146842092 12797915598 12603635284
   3  146732550  149109391 12598664364 12799822422
--- Monitoramento de Tráfego (Switch 3) ---
Porta        Rx Pkts    Tx Pkts    Rx Bytes   Tx Bytes
-------------------------------------------------------
fffffffe          0          0          0          0
   1      37773  295706346    1587674 25394752012
   2  149106609  146813662 12800916222 12603401632
   3  146874843  149116172 12606445674 12800908732
--- Monitoramento de Tráfego (Switch 5) ---
Porta        Rx Pkts    Tx Pkts    Rx Bytes   Tx Bytes
-------------------------------------------------------
fffffffe          0          0          0          0
   1      94949  295720394    4452310 25395954288
   2  146743874  149117919 12601135240 12801974858
   3  149289740  146823026 12808961204 12604686536
--- Monitoramento de Tráfego (Switch 2) ---
Porta        Rx Pkts    Tx Pkts    Rx Bytes   Tx Bytes
-------------------------------------------------------
fffffffe          0          0          0          0
   1      35581  295765992    1495566 25399832120
   2  149124614  146766128 12803413512 12602496716
   3  146846454  149140001 12606216752 12803782458
--- Monitoramento de Tráfego (Switch 6) ---
Porta        Rx Pkts    Tx Pkts    Rx Bytes   Tx Bytes
-------------------------------------------------------
fffffffe          0          0          0          0
   1     201821  298002861    8753362 25591949726
   2  150296116  147902903 12901690260 12699108158
   3  147949866  150436624 12701439748 12907373288
--- Monitoramento de Tráfego (Switch 4) ---
Porta        Rx Pkts    Tx Pkts    Rx Bytes   Tx Bytes
-------------------------------------------------------
fffffffe          0          0          0          0
   1     176597  298028859    8173730 25594160506
   2  150293391  148036921 12901967646 12706173050
   3  147923697  150317747 12700893082 12903547090
--- Monitoramento de Tráfego (Switch 3) ---
Porta        Rx Pkts    Tx Pkts    Rx Bytes   Tx Bytes
-------------------------------------------------------
fffffffe          0          0          0          0
   1      37892  298118659    1592672 25601877610
   2  150322356  148012314 12905279532 12706309072
   3  148074069  150331329 12709361134 12905224258
--- Monitoramento de Tráfego (Switch 1) ---
Porta        Rx Pkts    Tx Pkts    Rx Bytes   Tx Bytes
-------------------------------------------------------
fffffffe          0          0          0          0
   1      17658  298080330    1517100 25598585552
   2  147918338  150293636 12701420220 12903770252
   3  150309879  147918537 12904278234 12701992318
--- Monitoramento de Tráfego (Switch 2) ---
Porta        Rx Pkts    Tx Pkts    Rx Bytes   Tx Bytes
-------------------------------------------------------
fffffffe          0          0          0          0
   1      35982  298187636    1512464 25607758984
   2  150341595  147966893 12907887706 12705588910
   3  148047057  150357142 12709291850 12908265492
--- Monitoramento de Tráfego (Switch 5) ---
Porta        Rx Pkts    Tx Pkts    Rx Bytes   Tx Bytes
-------------------------------------------------------
fffffffe          0          0          0          0
   1      95346  298140212    4471668 25603723000
   2  147945394  150337665 12704298272 12906662046
   3  150514725  148026435 12914072602 12708013766
--- Monitoramento de Tráfego (Switch 6) ---
Porta        Rx Pkts    Tx Pkts    Rx Bytes   Tx Bytes
-------------------------------------------------------
fffffffe          0          0          0          0
   1     204010  300361555    8845300 25794476866
   2  151483453  149073831 13003611366 12799601114
   3  149124916  151630257 12802327560 13009793290
--- Monitoramento de Tráfego (Switch 4) ---
Porta        Rx Pkts    Tx Pkts    Rx Bytes   Tx Bytes
-------------------------------------------------------
fffffffe          0          0          0          0
   1     177938  300397809    8235244 25797568522
   2  151487522  149214377 13004480632 12807218482
   3  149105173  151515662 12802291550 13006376656
--- Monitoramento de Tráfego (Switch 1) ---
Porta        Rx Pkts    Tx Pkts    Rx Bytes   Tx Bytes
-------------------------------------------------------
fffffffe          0          0          0          0
   1      17658  300440909    1517100 25801275026
   2  149092112  151483077 12802194888 13005883742
   3  151500232  149090954 13006458304 12802661076
--- Monitoramento de Tráfego (Switch 3) ---
Porta        Rx Pkts    Tx Pkts    Rx Bytes   Tx Bytes
-------------------------------------------------------
fffffffe          0          0          0          0
   1      38010  300490821    1597628 25805561974
   2  151516487  149189296 13007790758 12807352504
   3  149250721  151523851 12810337562 13007599990
--- Monitoramento de Tráfego (Switch 5) ---
Porta        Rx Pkts    Tx Pkts    Rx Bytes   Tx Bytes
-------------------------------------------------------
fffffffe          0          0          0          0
   1      95715  300512743    4489762 25807439006
   2  149123268  151533172 12805435420 13009286196
   3  151708946  149203784 13016544968 12809099596
--- Monitoramento de Tráfego (Switch 2) ---
Porta        Rx Pkts    Tx Pkts    Rx Bytes   Tx Bytes
-------------------------------------------------------
fffffffe          0          0          0          0
   1      36371  300567642    1528802 25812117012
   2  151541347  149148671 13010886730 12807050358
   3  149232047  151559584 12811023058 13011490748
--- Monitoramento de Tráfego (Switch 6) ---
Porta        Rx Pkts    Tx Pkts    Rx Bytes   Tx Bytes
-------------------------------------------------------
fffffffe          0          0          0          0
   1     206145  302698003    8934970 25995101606
   2  152663997  150236765 13104941606 12899414910
   3  150283471  152807460 12901803322 13110797492
--- Monitoramento de Tráfego (Switch 4) ---
Porta        Rx Pkts    Tx Pkts    Rx Bytes   Tx Bytes
-------------------------------------------------------
fffffffe          0          0          0          0
   1     179256  302732372    8295748 25998031288
   2  152669588  150380391 13105949512 12907286946
   3  150267048  152693847 12902015280 13107504814
--- Monitoramento de Tráfego (Switch 1) ---
Porta        Rx Pkts    Tx Pkts    Rx Bytes   Tx Bytes
-------------------------------------------------------
fffffffe          0          0          0          0
   1      17658  302789508    1517100 26002944052
   2  150259071  152668702 12902386906 13107654600
   3  152683213  150256489 13107981022 12902735690
--- Monitoramento de Tráfego (Switch 3) ---
Porta        Rx Pkts    Tx Pkts    Rx Bytes   Tx Bytes
-------------------------------------------------------
fffffffe          0          0          0          0
   1      38127  302843881    1602542 26007613806
   2  152703461  150358516 13109673850 12907735644
   3  150420966  152711031 12910768812 13109508190
--- Monitoramento de Tráfego (Switch 5) ---
Porta        Rx Pkts    Tx Pkts    Rx Bytes   Tx Bytes
-------------------------------------------------------
fffffffe          0          0          0          0
   1      96070  302855008    4507180 26008563384
   2  150287686  152715850 12905414304 13110783400
   3  152889292  150364886 13117817280 12908793524
--- Monitoramento de Tráfego (Switch 2) ---
Porta        Rx Pkts    Tx Pkts    Rx Bytes   Tx Bytes
-------------------------------------------------------
fffffffe          0          0          0          0
   1      36745  302901245    1544566 26012497862
   2  152717993  150306985 13111887282 12906500694
   3  150387667  152733223 12910238686 13112229646
--- Monitoramento de Tráfego (Switch 6) ---
Porta        Rx Pkts    Tx Pkts    Rx Bytes   Tx Bytes
-------------------------------------------------------
fffffffe          0          0          0          0
   1     208030  304719401    9014140 26168684150
   2  153683246  151242503 13192445848 12985724330
   3  151287073  153826081 12987976530 13198223954
--- Monitoramento de Tráfego (Switch 4) ---
Porta        Rx Pkts    Tx Pkts    Rx Bytes   Tx Bytes
-------------------------------------------------------
fffffffe          0          0          0          0
   1     180359  304763423    8346694 26172443102
   2  153691312  151387505 13193666036 12993704166
   3  151275129  153716363 12988525574 13195287090
--- Monitoramento de Tráfego (Switch 1) ---
Porta        Rx Pkts    Tx Pkts    Rx Bytes   Tx Bytes
-------------------------------------------------------
fffffffe          0          0          0          0
   1      17658  304809187    1517100 26176379126
   2  151259643  153684484 12988299174 13194861088
   3  153701230  151258264 13195368984 12988757020
--- Monitoramento de Tráfego (Switch 3) ---
Porta        Rx Pkts    Tx Pkts    Rx Bytes   Tx Bytes
-------------------------------------------------------
fffffffe          0          0          0          0
   1      38225  304845018    1606658 26179454324
   2  153712151  151354345 13196262814 12993220062
   3  151417213  153719727 12996254274 13196102462
--- Monitoramento de Tráfego (Switch 5) ---
Porta        Rx Pkts    Tx Pkts    Rx Bytes   Tx Bytes
-------------------------------------------------------
fffffffe          0          0          0          0
   1      96327  304871971    4520174 26181764442
   2  151285961  153731807 12991134878 13197987062
   3  153907925  151366044 13205237094 12994756852
--- Monitoramento de Tráfego (Switch 2) ---
Porta        Rx Pkts    Tx Pkts    Rx Bytes   Tx Bytes
-------------------------------------------------------
fffffffe          0          0          0          0
   1      37052  304914492    1557460 26185380196
   2  153737865  151313007 13199436366 12992880994
   3  151393940  153753866 12996619460 13199838776
--- Monitoramento de Tráfego (Switch 6) ---
Porta        Rx Pkts    Tx Pkts    Rx Bytes   Tx Bytes
-------------------------------------------------------
fffffffe          0          0          0          0
   1     209970  306844108    9095620 26351134244
   2  154752149  152294063 13284192370 13075965318
   3  152337716  154896287 13078187216 13290065046
--- Monitoramento de Tráfego (Switch 4) ---
Porta        Rx Pkts    Tx Pkts    Rx Bytes   Tx Bytes
-------------------------------------------------------
fffffffe          0          0          0          0
   1     181568  306854771    8401960 26352028574
   2  154742063  152423488 13283864694 13082617672
   3  152312268  154770182 13077527260 13285740464
--- Monitoramento de Tráfego (Switch 1) ---
Porta        Rx Pkts    Tx Pkts    Rx Bytes   Tx Bytes
-------------------------------------------------------
fffffffe          0          0          0          0
   1      17658  306891191    1517100 26355161590
   2  152291905  154733536 13076928778 13284917888
   3  154750326  152291565 13285420208 13077483634
--- Monitoramento de Tráfego (Switch 5) ---
Porta        Rx Pkts    Tx Pkts    Rx Bytes   Tx Bytes
-------------------------------------------------------
fffffffe          0          0          0          0
   1      96589  306937538    4533378 26359135356
   2  152312810  154771730 13079308004 13287257528
   3  154950181  152392949 13294691250 13082929826
--- Monitoramento de Tráfego (Switch 3) ---
Porta        Rx Pkts    Tx Pkts    Rx Bytes   Tx Bytes
-------------------------------------------------------
fffffffe          0          0          0          0
   1      38327  306928999    1610942 26358405430
   2  154761256  152386816 13286317100 13081864300
   3  152452211  154770737 13085082462 13286326174
--- Monitoramento de Tráfego (Switch 2) ---
Porta        Rx Pkts    Tx Pkts    Rx Bytes   Tx Bytes
-------------------------------------------------------
fffffffe          0          0          0          0
   1      37375  306979127    1571082 26362670958
   2  154774490  152332528 13288433436 13080416520
   3  152412528  154790524 13084071752 13288829516
--- Monitoramento de Tráfego (Switch 6) ---
Porta        Rx Pkts    Tx Pkts    Rx Bytes   Tx Bytes
-------------------------------------------------------
fffffffe          0          0          0          0
   1     212216  309324922    9189952 26564150004
   2  156001104  153526183 13391395732 13181706790
   3  153568880  156145413 13183892300 13397245302
--- Monitoramento de Tráfego (Switch 1) ---
Porta        Rx Pkts    Tx Pkts    Rx Bytes   Tx Bytes
-------------------------------------------------------
fffffffe          0          0          0          0
   1      17658  309382642    1517100 26569090516
   2  153530787  155989332 13183291002 13392724904
   3  156009595  153528425 13393515350 13183684602
--- Monitoramento de Tráfego (Switch 4) ---
Porta        Rx Pkts    Tx Pkts    Rx Bytes   Tx Bytes
-------------------------------------------------------
fffffffe          0          0          0          0
   1     183143  309350093    8473566 26566289742
   2  155999487  153663434 13391809950 13189024752
   3  153550997  156026318 13183835922 13393559956
--- Monitoramento de Tráfego (Switch 2) ---
Porta        Rx Pkts    Tx Pkts    Rx Bytes   Tx Bytes
-------------------------------------------------------
fffffffe          0          0          0          0
   1      37788  309486032    1588428 26577927316
   2  156036641  153576854 13396786338 13187246444
   3  153657688  156052016 13190968540 13397115328
--- Monitoramento de Tráfego (Switch 3) ---
Porta        Rx Pkts    Tx Pkts    Rx Bytes   Tx Bytes
-------------------------------------------------------
fffffffe          0          0          0          0
   1      38453  309426966    1616234 26572893944
   2  156020189  153625802 13394383190 13188230972
   3  153695196  156029103 13191751056 13394352834
--- Monitoramento de Tráfego (Switch 5) ---
Porta        Rx Pkts    Tx Pkts    Rx Bytes   Tx Bytes
-------------------------------------------------------
fffffffe          0          0          0          0
   1      96918  309441758    4549924 26574159468
   2  153556370  156033948 13186084328 13395605684
   3  156210116  153637191 13402799084 13189757886
--- Monitoramento de Tráfego (Switch 6) ---
Porta        Rx Pkts    Tx Pkts    Rx Bytes   Tx Bytes
-------------------------------------------------------
fffffffe          0          0          0          0
   1     214067  311367961    9267694 26739576702
   2  157030987  154542347 13479795358 13268890086
   3  154585196  157176387 13271145404 13485728882
--- Monitoramento de Tráfego (Switch 4) ---
Porta        Rx Pkts    Tx Pkts    Rx Bytes   Tx Bytes
-------------------------------------------------------
fffffffe          0          0          0          0
   1     184455  311372767    8534478 26739967382
   2  157019898  154669147 13479403660 13275321190
   3  154559504  157049093 13270361908 13481349374
--- Monitoramento de Tráfego (Switch 1) ---
Porta        Rx Pkts    Tx Pkts    Rx Bytes   Tx Bytes
-------------------------------------------------------
fffffffe          0          0          0          0
   1      17658  311422738    1517100 26744264556
   2  154542108  157017157 13270109904 13480954170
   3  157033862  154540385 13481435276 13270570098
--- Monitoramento de Tráfego (Switch 2) ---
Porta        Rx Pkts    Tx Pkts    Rx Bytes   Tx Bytes
-------------------------------------------------------
fffffffe          0          0          0          0
   1      38125  311524007    1602638 26752918510
   2  157063971  154590847 13484973550 13274294314
   3  154672168  157082607 13278051936 13485572026
--- Monitoramento de Tráfego (Switch 5) ---
Porta        Rx Pkts    Tx Pkts    Rx Bytes   Tx Bytes
-------------------------------------------------------
fffffffe          0          0          0          0
   1      97191  311493962    4563590 26750371628
   2  154574387  157068942 13273489570 13484447052
   3  157246298  154653102 13491729576 13276975792
--- Monitoramento de Tráfego (Switch 3) ---
Porta        Rx Pkts    Tx Pkts    Rx Bytes   Tx Bytes
-------------------------------------------------------
fffffffe          0          0          0          0
   1      38557  311472355    1620602 26748521362
   2  157050068  154642052 13482778440 13275466444
   3  154712122  157060350 13279009004 13482875964
--- Monitoramento de Tráfego (Switch 6) ---
Porta        Rx Pkts    Tx Pkts    Rx Bytes   Tx Bytes
-------------------------------------------------------
fffffffe          0          0          0          0
   1     215621  313242175    9332962 26900516102
   2  157978008  155477974 13561070148 13349184052
   3  155518442  158123170 13351272088 13566960556
--- Monitoramento de Tráfego (Switch 4) ---
Porta        Rx Pkts    Tx Pkts    Rx Bytes   Tx Bytes
-------------------------------------------------------
fffffffe          0          0          0          0
   1     185746  313276527    8596488 26903444102
   2  157977836  155617240 13561625104 13356683748
   3  155506894  158007357 13351667012 13563588770
--- Monitoramento de Tráfego (Switch 5) ---
Porta        Rx Pkts    Tx Pkts    Rx Bytes   Tx Bytes
-------------------------------------------------------
fffffffe          0          0          0          0
   1      97495  313371717    4578426 26911614782
   2  155507897  158012788 13353643978 13565431156
   3  158188786  155586325 13572586776 13357100790
--- Monitoramento de Tráfego (Switch 3) ---
Porta        Rx Pkts    Tx Pkts    Rx Bytes   Tx Bytes
-------------------------------------------------------
fffffffe          0          0          0          0
   1      38648  313364964    1624424 26911038776
   2  158003453  155585070 13564586950 13356422376
   3  155652892  158010712 13359743392 13564444856
--- Monitoramento de Tráfego (Switch 1) ---
Porta        Rx Pkts    Tx Pkts    Rx Bytes   Tx Bytes
-------------------------------------------------------
fffffffe          0          0          0          0
   1      17658  313317580    1517100 26906975468
   2  155489065  157973777 13351408018 13563043786
   3  157990454  155484544 13563515168 13351638640
--- Monitoramento de Tráfego (Switch 2) ---
Porta        Rx Pkts    Tx Pkts    Rx Bytes   Tx Bytes
-------------------------------------------------------
fffffffe          0          0          0          0
   1      38414  313399931    1614776 26914005378
   2  158008036  155522283 13565982256 13354259662
   3  155605970  158025304 13358216896 13566460728
--- Monitoramento de Tráfego (Switch 6) ---
Porta        Rx Pkts    Tx Pkts    Rx Bytes   Tx Bytes
-------------------------------------------------------
fffffffe          0          0          0          0
   1     217390  315531777    9407260 27097121438
   2  159124558  156616221 13659463160 13446883654
   3  156660447  159272701 13449331234 13665585078
--- Monitoramento de Tráfego (Switch 4) ---
Porta        Rx Pkts    Tx Pkts    Rx Bytes   Tx Bytes
-------------------------------------------------------
fffffffe          0          0          0          0
   1     187324  315554827    8670508 27099078206
   2  159122043  156753001 13659828406 13454156078
   3  156641677  159150298 13449069158 13661672544
--- Monitoramento de Tráfego (Switch 1) ---
Porta        Rx Pkts    Tx Pkts    Rx Bytes   Tx Bytes
-------------------------------------------------------
fffffffe          0          0          0          0
   1      17658  315588000    1517100 27101933892
   2  156616503  159111795 13448211526 13660712362
   3  159128723  156612287 13661199934 13448480886
--- Monitoramento de Tráfego (Switch 2) ---
Porta        Rx Pkts    Tx Pkts    Rx Bytes   Tx Bytes
-------------------------------------------------------
fffffffe          0          0          0          0
   1      38773  315678623    1629854 27109673966
   2  159156260  156660551 13664530248 13451993954
   3  156741830  159171395 13455740428 13664815590
--- Monitoramento de Tráfego (Switch 5) ---
Porta        Rx Pkts    Tx Pkts    Rx Bytes   Tx Bytes
-------------------------------------------------------
fffffffe          0          0          0          0
   1      97907  315639226    4598238 27106323728
   2  156637459  159153952 13450642670 13663366008
   3  159332270  156718921 13670695152 13454352526
--- Monitoramento de Tráfego (Switch 3) ---
Porta        Rx Pkts    Tx Pkts    Rx Bytes   Tx Bytes
-------------------------------------------------------
fffffffe          0          0          0          0
   1      38760  315621646    1629184 27104816184
   2  159140916  156710113 13662199452 13453017198
   3  156777733  159147722 13456278734 13662033088
--- Monitoramento de Tráfego (Switch 6) ---
Porta        Rx Pkts    Tx Pkts    Rx Bytes   Tx Bytes
-------------------------------------------------------
fffffffe          0          0          0          0
   1     218863  317547109    9469126 27270181714
   2  160137701  157621689 13746417942 13533190210
   3  157665262  160287290 13535615304 13752650012
--- Monitoramento de Tráfego (Switch 4) ---
Porta        Rx Pkts    Tx Pkts    Rx Bytes   Tx Bytes
-------------------------------------------------------
fffffffe          0          0          0          0
   1     188672  317581866    8733416 27273144132
   2  160137790  157764349 13747014376 13540951918
   3  157652425  160168361 13535827470 13749049566
--- Monitoramento de Tráfego (Switch 3) ---
Porta        Rx Pkts    Tx Pkts    Rx Bytes   Tx Bytes
-------------------------------------------------------
fffffffe          0          0          0          0
   1      38864  317670191    1633552 27280720450
   2  160168094  157731469 13750356820 13540712322
   3  157799338  160174246 13543954384 13750143808
--- Monitoramento de Tráfego (Switch 1) ---
Porta        Rx Pkts    Tx Pkts    Rx Bytes   Tx Bytes
-------------------------------------------------------
fffffffe          0          0          0          0
   1      17658  317623421    1517100 27276718782
   2  157633743  160136005 13535555966 13748623870
   3  160153929  157627991 13749194382 13535705826
--- Monitoramento de Tráfego (Switch 5) ---
Porta        Rx Pkts    Tx Pkts    Rx Bytes   Tx Bytes
-------------------------------------------------------
fffffffe          0          0          0          0
   1      98278  317693441    4616196 27282722230
   2  157660347  160185496 13538484138 13751903700
   3  160366018  157742300 13759407884 13542230152
--- Monitoramento de Tráfego (Switch 2) ---
Porta        Rx Pkts    Tx Pkts    Rx Bytes   Tx Bytes
-------------------------------------------------------
fffffffe          0          0          0          0
   1      39091  317740952    1643210 27286769316
   2  160193032  157689444 13753518276 13540338584
   3  157770845  160207936 13544092786 13753775388
--- Monitoramento de Tráfego (Switch 6) ---
Porta        Rx Pkts    Tx Pkts    Rx Bytes   Tx Bytes
-------------------------------------------------------
fffffffe          0          0          0          0
   1     220431  319751290    9534982 27459448344
   2  161244845  158720399 13841425162 13627492410
   3  158758353  161389887 13629474662 13847252938
--- Monitoramento de Tráfego (Switch 4) ---
Porta        Rx Pkts    Tx Pkts    Rx Bytes   Tx Bytes
-------------------------------------------------------
fffffffe          0          0          0          0
   1     190210  319770694    8803996 27461092452
   2  161239974  158858927 13841605644 13634887510
   3  158744382  161267380 13629551492 13843359052
--- Monitoramento de Tráfego (Switch 3) ---
Porta        Rx Pkts    Tx Pkts    Rx Bytes   Tx Bytes
-------------------------------------------------------
fffffffe          0          0          0          0
   1      38972  319855373    1638144 27468349246
   2  161264681  158819273 13844445990 13634111594
   3  158890319  161272300 13637581686 13844380484
--- Monitoramento de Tráfego (Switch 1) ---
Porta        Rx Pkts    Tx Pkts    Rx Bytes   Tx Bytes
-------------------------------------------------------
fffffffe          0          0          0          0
   1      17658  319811914    1517100 27464638360
   2  158724752  161235005 13629234208 13842931514
   3  161252529  158719968 13843462566 13629477236
--- Monitoramento de Tráfego (Switch 5) ---
Porta        Rx Pkts    Tx Pkts    Rx Bytes   Tx Bytes
-------------------------------------------------------
fffffffe          0          0          0          0
   1      98688  319866293    4635836 27469298658
   2  158745990  161279984 13631711892 13845818840
   3  161455968  158824958 13852921320 13635193916
--- Monitoramento de Tráfego (Switch 2) ---
Porta        Rx Pkts    Tx Pkts    Rx Bytes   Tx Bytes
-------------------------------------------------------
fffffffe          0          0          0          0
   1      39444  319897394    1658036 27471937492
   2  161269624  158759970 13845903616 13632257904
   3  158845915  161291548 13636398798 13846752348
--- Monitoramento de Tráfego (Switch 6) ---
Porta        Rx Pkts    Tx Pkts    Rx Bytes   Tx Bytes
-------------------------------------------------------
fffffffe          0          0          0          0
   1     222157  322216408    9607474 27671126200
   2  162483520  159951690 13947691716 13733185560
   3  159988999  162628154 13735148042 13953462636
--- Monitoramento de Tráfego (Switch 4) ---
Porta        Rx Pkts    Tx Pkts    Rx Bytes   Tx Bytes
-------------------------------------------------------
fffffffe          0          0          0          0
   1     191926  322258152    8882712 27674688528
   2  162485874  160098824 13948505744 13741295928
   3  159983751  162515541 13735936854 13950439514
--- Monitoramento de Tráfego (Switch 5) ---
Porta        Rx Pkts    Tx Pkts    Rx Bytes   Tx Bytes
-------------------------------------------------------
fffffffe          0          0          0          0
   1      99153  322346994    4658094 27682313552
   2  159981014  162522328 13737768728 13952402044
   3  162702456  160062299 13959841204 13741441962
--- Monitoramento de Tráfego (Switch 2) ---
Porta        Rx Pkts    Tx Pkts    Rx Bytes   Tx Bytes
-------------------------------------------------------
fffffffe          0          0          0          0
   1      39849  322404941    1675046 27687258654
   2  162529122  160010344 13953966148 13739620680
   3  160094420  162548296 13743594848 13954565864
--- Monitoramento de Tráfego (Switch 1) ---
Porta        Rx Pkts    Tx Pkts    Rx Bytes   Tx Bytes
-------------------------------------------------------
fffffffe          0          0          0          0
   1      17658  322297633    1517100 27678085174
   2  159961865  162481229 13735457806 13949854430
   3  162499761  159958074 13950464738 13735798656
--- Monitoramento de Tráfego (Switch 3) ---
Porta        Rx Pkts    Tx Pkts    Rx Bytes   Tx Bytes
-------------------------------------------------------
fffffffe          0          0          0          0
   1      39095  322334159    1643310 27681199706
   2  162509481  160055032 13951234314 13740212924
   3  160126760  162515596 13743693332 13951057392
--- Monitoramento de Tráfego (Switch 6) ---
Porta        Rx Pkts    Tx Pkts    Rx Bytes   Tx Bytes
-------------------------------------------------------
fffffffe          0          0          0          0
   1     223642  324386801    9669844 27857496530
   2  163571674  161037439 14041088884 13826166634
   3  161077293  163719978 13828376338 14047149892
--- Monitoramento de Tráfego (Switch 4) ---
Porta        Rx Pkts    Tx Pkts    Rx Bytes   Tx Bytes
-------------------------------------------------------
fffffffe          0          0          0          0
   1     193387  324399933    8949486 27858602554
   2  163562172  161175976 14040894488 13833502548
   3  161058019  163591967 13827920340 14042829878
--- Monitoramento de Tráfego (Switch 1) ---
Porta        Rx Pkts    Tx Pkts    Rx Bytes   Tx Bytes
-------------------------------------------------------
fffffffe          0          0          0          0
   1      17658  324439607    1517100 27862015406
   2  161035932  163555912 13827438872 14042098072
   3  163575794  161033179 14042812368 13827874430
--- Monitoramento de Tráfego (Switch 2) ---
Porta        Rx Pkts    Tx Pkts    Rx Bytes   Tx Bytes
-------------------------------------------------------
fffffffe          0          0          0          0
   1      40193  324538720    1689494 27870484792
   2  163604376  161085058 14046251036 13831618076
   3  161168391  163620489 13835520870 14046585286
--- Monitoramento de Tráfego (Switch 3) ---
Porta        Rx Pkts    Tx Pkts    Rx Bytes   Tx Bytes
-------------------------------------------------------
fffffffe          0          0          0          0
   1      39204  324483324    1647944 27865744304
   2  163590587  161133074 14044024290 13832513340
   3  161207685  163596691 13836199678 14043853930
--- Monitoramento de Tráfego (Switch 5) ---
Porta        Rx Pkts    Tx Pkts    Rx Bytes   Tx Bytes
-------------------------------------------------------
fffffffe          0          0          0          0
   1      99552  324502779    4677228 27867429838
   2  161061486  163604979 13830286172 14045313902
   3  163781798  161141112 14052445816 13833809864
--- Monitoramento de Tráfego (Switch 6) ---
Porta        Rx Pkts    Tx Pkts    Rx Bytes   Tx Bytes
-------------------------------------------------------
fffffffe          0          0          0          0
   1     225260  326826937    9737800 28067032022
   2  164795536  162292702 14146120076 13932329244
   3  162331663  164944092 13934495814 14152184912
--- Monitoramento de Tráfego (Switch 1) ---
Porta        Rx Pkts    Tx Pkts    Rx Bytes   Tx Bytes
-------------------------------------------------------
fffffffe          0          0          0          0
   1      17658  326863263    1517100 28070135802
   2  162281783  164771505 13932801694 14146433146
   3  164790693  162278081 14147086430 13933164234
--- Monitoramento de Tráfego (Switch 3) ---
Porta        Rx Pkts    Tx Pkts    Rx Bytes   Tx Bytes
-------------------------------------------------------
fffffffe          0          0          0          0
   1      39323  326902126    1652942 28073447316
   2  164801491  162377686 14147945858 13937752172
   3  162451662  164806507 13941342240 14147688282
--- Monitoramento de Tráfego (Switch 4) ---
Porta        Rx Pkts    Tx Pkts    Rx Bytes   Tx Bytes
-------------------------------------------------------
fffffffe          0          0          0          0
   1     195049  326830677    9025230 28067330966
   2  164782299  162425847 14145610302 13939164574
   3  162308385  164810558 13933650586 14147409628
--- Monitoramento de Tráfego (Switch 2) ---
Porta        Rx Pkts    Tx Pkts    Rx Bytes   Tx Bytes
-------------------------------------------------------
fffffffe          0          0          0          0
   1      40571  326953057    1705370 28077805614
   2  164811404  162323707 14149858788 13936337442
   3  162409009  164831595 13940389958 14150530118
--- Monitoramento de Tráfego (Switch 5) ---
Porta        Rx Pkts    Tx Pkts    Rx Bytes   Tx Bytes
-------------------------------------------------------
fffffffe          0          0          0          0
   1      99992  326913911    4698392 28074474450
   2  162303089  164814127 13935273298 14149098262
   3  164994642  162384632 14156522048 13938955056
--- Monitoramento de Tráfego (Switch 6) ---
Porta        Rx Pkts    Tx Pkts    Rx Bytes   Tx Bytes
-------------------------------------------------------
fffffffe          0          0          0          0
   1     226730  329110200    9799540 28263100372
   2  165941136  163493764 14244402020 14032827872
   3  163532764  166091370 14035013492 14250593876
--- Monitoramento de Tráfego (Switch 4) ---
Porta        Rx Pkts    Tx Pkts    Rx Bytes   Tx Bytes
-------------------------------------------------------
fffffffe          0          0          0          0
   1     196600  329124657    9095828 28264319346
   2  165933318  163629547 14244370356 14039860674
   3  163516470  165963502 14034720032 14246321900
--- Monitoramento de Tráfego (Switch 1) ---
Porta        Rx Pkts    Tx Pkts    Rx Bytes   Tx Bytes
-------------------------------------------------------
fffffffe          0          0          0          0
   1      17658  329159517    1517100 28267319862
   2  163488464  165924267 14033776820 14245327966
   3  165944871  163484022 14246100418 14034078172
--- Monitoramento de Tráfego (Switch 3) ---
Porta        Rx Pkts    Tx Pkts    Rx Bytes   Tx Bytes
-------------------------------------------------------
fffffffe          0          0          0          0
   1      39440  329197228    1657912 28270528836
   2  165953831  163582004 14246796278 14038508668
   3  163659498  165959585 14042355952 14246625794
--- Monitoramento de Tráfego (Switch 2) ---
Porta        Rx Pkts    Tx Pkts    Rx Bytes   Tx Bytes
-------------------------------------------------------
fffffffe          0          0          0          0
   1      40919  329241307    1719986 28274301910
   2  165960076  163526420 14248401916 14036940964
   3  163612444  165979634 14041065408 14249011200
--- Monitoramento de Tráfego (Switch 5) ---
Porta        Rx Pkts    Tx Pkts    Rx Bytes   Tx Bytes
-------------------------------------------------------
fffffffe          0          0          0          0
   1     100400  329208780    4718124 28271539124
   2  163510168  165968320 14036266588 14248113168
   3  166145519  163590491 14255242290 14039838206
--- Monitoramento de Tráfego (Switch 6) ---
Porta        Rx Pkts    Tx Pkts    Rx Bytes   Tx Bytes
-------------------------------------------------------
fffffffe          0          0          0          0
   1     228146  331350121    9859012 28455448302
   2  167066033  164690080 14340933514 14132088884
   3  164727967  167215641 14134212198 14347061722
--- Monitoramento de Tráfego (Switch 3) ---
Porta        Rx Pkts    Tx Pkts    Rx Bytes   Tx Bytes
-------------------------------------------------------
fffffffe          0          0          0          0
   1      39552  331432614    1662616 28462483484
   2  167075538  164778443 14343053272 14137778486
   3  164853426  167079600 14141355712 14342750804
--- Monitoramento de Tráfego (Switch 1) ---
Porta        Rx Pkts    Tx Pkts    Rx Bytes   Tx Bytes
-------------------------------------------------------
fffffffe          0          0          0          0
   1      17658  331396150    1517100 28459385684
   2  164682586  167045862 14132858960 14341582812
   3  167065965  164679612 14342300974 14133288792
--- Monitoramento de Tráfego (Switch 4) ---
Porta        Rx Pkts    Tx Pkts    Rx Bytes   Tx Bytes
-------------------------------------------------------
fffffffe          0          0          0          0
   1     198106  331356369    9164272 28455962594
   2  167051966  164823231 14340378480 14138866578
   3  164709410  167083866 14133671840 14342464444
--- Monitoramento de Tráfego (Switch 5) ---
Porta        Rx Pkts    Tx Pkts    Rx Bytes   Tx Bytes
-------------------------------------------------------
fffffffe          0          0          0          0
   1     100792  331446286    4737096 28463678604
   2  164704150  167088950 14135318716 14344273292
   3  167268662  164785721 14351611324 14138991666
--- Monitoramento de Tráfego (Switch 2) ---
Porta        Rx Pkts    Tx Pkts    Rx Bytes   Tx Bytes
-------------------------------------------------------
fffffffe          0          0          0          0
   1      41255  331492532    1734098 28467621052
   2  167087616  164730128 14345165436 14136786672
   3  164814418  167108071 14140754536 14345845518
--- Monitoramento de Tráfego (Switch 6) ---
Porta        Rx Pkts    Tx Pkts    Rx Bytes   Tx Bytes
-------------------------------------------------------
fffffffe          0          0          0          0
   1     229562  333585285    9918484 28647385430
   2  168187694  165850369 14437209356 14229742058
   3  165888652  168338788 14231926224 14443454516
--- Monitoramento de Tráfego (Switch 4) ---
Porta        Rx Pkts    Tx Pkts    Rx Bytes   Tx Bytes
-------------------------------------------------------
fffffffe          0          0          0          0
   1     199612  333589996    9232540 28647767604
   2  168172603  165983523 14436572306 14236538950
   3  165867711  168203191 14231218954 14438539102
--- Monitoramento de Tráfego (Switch 1) ---
Porta        Rx Pkts    Tx Pkts    Rx Bytes   Tx Bytes
-------------------------------------------------------
fffffffe          0          0          0          0
   1      17658  333640398    1517100 28652102584
   2  165844654  168170418 14230777596 14438121228
   3  168190945  165843243 14438858662 14231340566
--- Monitoramento de Tráfego (Switch 3) ---
Porta        Rx Pkts    Tx Pkts    Rx Bytes   Tx Bytes
-------------------------------------------------------
fffffffe          0          0          0          0
   1      39670  333708793    1667628 28657941770
   2  168218794  165959164 14441183868 14237310944
   3  166035716  168222769 14240981492 14440877098
--- Monitoramento de Tráfego (Switch 2) ---
Porta        Rx Pkts    Tx Pkts    Rx Bytes   Tx Bytes
-------------------------------------------------------
fffffffe          0          0          0          0
   1      41612  333775203    1749092 28663637054
   2  168234146  165909563 14443589576 14236308802
   3  166001163  168259469 14240891058 14444674094
--- Monitoramento de Tráfego (Switch 5) ---
Porta        Rx Pkts    Tx Pkts    Rx Bytes   Tx Bytes
-------------------------------------------------------
fffffffe          0          0          0          0
   1     101208  333732840    4757120 28660026492
   2  165887021  168234852 14235070086 14442626108
   3  168416290  165969453 14450105596 14238810374
--- Monitoramento de Tráfego (Switch 6) ---
Porta        Rx Pkts    Tx Pkts    Rx Bytes   Tx Bytes
-------------------------------------------------------
fffffffe          0          0          0          0
   1     231010  335914445    9979300 28847395290
   2  169353678  167040468 14537281748 14330725076
   3  167075785  169502149 14332692222 14543291786
--- Monitoramento de Tráfego (Switch 1) ---
Porta        Rx Pkts    Tx Pkts    Rx Bytes   Tx Bytes
-------------------------------------------------------
fffffffe          0          0          0          0
   1      17658  335985623    1517100 28853492070
   2  167043733  169345991 14332541862 14539028242
   3  169366576  167040657 14539767812 14332968590
--- Monitoramento de Tráfego (Switch 4) ---
Porta        Rx Pkts    Tx Pkts    Rx Bytes   Tx Bytes
-------------------------------------------------------
fffffffe          0          0          0          0
   1     201270  335936874    9310624 28849298928
   2  169347539  167183579 14537425994 14338341138
   3  167068690  169381572 14333117348 14539676860
--- Monitoramento de Tráfego (Switch 5) ---
Porta        Rx Pkts    Tx Pkts    Rx Bytes   Tx Bytes
-------------------------------------------------------
fffffffe          0          0          0          0
   1     101611  336039472    4776598 28858102300
   2  167064244  169391617 14334963120 14541917830
   3  169572059  167146835 14549294554 14338712202
--- Monitoramento de Tráfego (Switch 3) ---
Porta        Rx Pkts    Tx Pkts    Rx Bytes   Tx Bytes
-------------------------------------------------------
fffffffe          0          0          0          0
   1      39786  336027355    1672500 28857040746
   2  169378914  167142006 14540762940 14337680856
   3  167219412  169383658 14341375440 14540527148
--- Monitoramento de Tráfego (Switch 2) ---
Porta        Rx Pkts    Tx Pkts    Rx Bytes   Tx Bytes
-------------------------------------------------------
fffffffe          0          0          0          0
   1      41956  336073902    1763540 28861031792
   2  169385703  167084593 14542437866 14336009606
   3  167170069  169406552 14340059386 14543135508
--- Monitoramento de Tráfego (Switch 6) ---
Porta        Rx Pkts    Tx Pkts    Rx Bytes   Tx Bytes
-------------------------------------------------------
fffffffe          0          0          0          0
   1     232355  338221430   10035790 29045513648
   2  170510918  168227580 14636605748 14431117644
   3  168262122  170659573 14433041156 14642629842
--- Monitoramento de Tráfego (Switch 4) ---
Porta        Rx Pkts    Tx Pkts    Rx Bytes   Tx Bytes
-------------------------------------------------------
fffffffe          0          0          0          0
   1     202824  338241833    9383768 29047243422
   2  170502835  168370121 14636587878 14438655618
   3  168251086  170534045 14433089844 14638591234
--- Monitoramento de Tráfego (Switch 1) ---
Porta        Rx Pkts    Tx Pkts    Rx Bytes   Tx Bytes
-------------------------------------------------------
fffffffe          0          0          0          0
   1      17658  338283244    1517100 29050806564
   2  168224197  170497664 14432390002 14637881428
   3  170522164  168225157 14638947872 14433151430
--- Monitoramento de Tráfego (Switch 3) ---
Porta        Rx Pkts    Tx Pkts    Rx Bytes   Tx Bytes
-------------------------------------------------------
fffffffe          0          0          0          0
   1      39903  338328943    1677414 29054693662
   2  170535805  168327833 14640057710 14437972430
   3  168404810  170537599 14441570144 14639572394
--- Monitoramento de Tráfego (Switch 5) ---
Porta        Rx Pkts    Tx Pkts    Rx Bytes   Tx Bytes
-------------------------------------------------------
fffffffe          0          0          0          0
   1     101972  338344616    4794312 29056059416
   2  168254730  170551444 14435659820 14641460680
   3  170730847  168333588 14648746734 14439085772
--- Monitoramento de Tráfego (Switch 2) ---
Porta        Rx Pkts    Tx Pkts    Rx Bytes   Tx Bytes
-------------------------------------------------------
fffffffe          0          0          0          0
   1      42261  338397665    1776350 29060591330
   2  170551382  168281292 14642492604 14437215492
   3  168364947  170569374 14441097214 14642938940
--- Monitoramento de Tráfego (Switch 6) ---
Porta        Rx Pkts    Tx Pkts    Rx Bytes   Tx Bytes
-------------------------------------------------------
fffffffe          0          0          0          0
   1     233683  340579428   10091566 29248019096
   2  171693209  169444495 14738104690 14533801874
   3  169479679  171842339 14535834358 14744161610
--- Monitoramento de Tráfego (Switch 1) ---
Porta        Rx Pkts    Tx Pkts    Rx Bytes   Tx Bytes
-------------------------------------------------------
fffffffe          0          0          0          0
   1      17658  340634200    1517100 29252707004
   2  169439441  171677141 14534971126 14739134938
   3  171698104  169435018 14739892964 14535289360
--- Monitoramento de Tráfego (Switch 4) ---
Porta        Rx Pkts    Tx Pkts    Rx Bytes   Tx Bytes
-------------------------------------------------------
fffffffe          0          0          0          0
   1     204363  340599506    9455546 29249720336
   2  171684282  169587786 14738023044 14541398996
   3  169469414  171716352 14535901292 14740091404
--- Monitoramento de Tráfego (Switch 2) ---
Porta        Rx Pkts    Tx Pkts    Rx Bytes   Tx Bytes
-------------------------------------------------------
fffffffe          0          0          0          0
   1      42543  340721488    1788194 29260162032
   2  171715160  169479312 14742398928 14538335512
   3  169563348  171734009 14542263596 14742917070
--- Monitoramento de Tráfego (Switch 5) ---
Porta        Rx Pkts    Tx Pkts    Rx Bytes   Tx Bytes
-------------------------------------------------------
fffffffe          0          0          0          0
   1     102316  340686361    4811400 29257169518
   2  169460336  171721644 14537423976 14741913864
   3  171902705  169542533 14749344542 14541132962
--- Monitoramento de Tráfego (Switch 3) ---
Porta        Rx Pkts    Tx Pkts    Rx Bytes   Tx Bytes
-------------------------------------------------------
fffffffe          0          0          0          0
   1      40024  340673831    1682496 29256072042
   2  171708682  169535095 14740742856 14539876822
   3  169616708  171712934 14543842160 14740482852
--- Monitoramento de Tráfego (Switch 6) ---
Porta        Rx Pkts    Tx Pkts    Rx Bytes   Tx Bytes
-------------------------------------------------------
fffffffe          0          0          0          0
   1     234932  342828717   10144024 29441191902
   2  172825491  170613821 14835252446 14632381194
   3  170645525  172974115 14634144030 14841253674
--- Monitoramento de Tráfego (Switch 1) ---
Porta        Rx Pkts    Tx Pkts    Rx Bytes   Tx Bytes
-------------------------------------------------------
fffffffe          0          0          0          0
   1      17658  342882923    1517100 29445831970
   2  170601961  172805372 14633009038 14835932512
   3  172823451  170595898 14836436118 14633188924
--- Monitoramento de Tráfego (Switch 3) ---
Porta        Rx Pkts    Tx Pkts    Rx Bytes   Tx Bytes
-------------------------------------------------------
fffffffe          0          0          0          0
   1      40137  342915051    1687242 29448549198
   2  172831164  170695537 14837041092 14637730678
   3  170775470  172833588 14641507936 14836638164
--- Monitoramento de Tráfego (Switch 4) ---
Porta        Rx Pkts    Tx Pkts    Rx Bytes   Tx Bytes
-------------------------------------------------------
fffffffe          0          0          0          0
   1     205798  342845450    9521976 29442606476
   2  172811045  170751215 14834702578 14639472854
   3  170632796  172845166 14633986640 14836941860
--- Monitoramento de Tráfego (Switch 2) ---
Porta        Rx Pkts    Tx Pkts    Rx Bytes   Tx Bytes
-------------------------------------------------------
fffffffe          0          0          0          0
   1      42800  342937857    1798988 29450508122
   2  172827350  170625954 14837819368 14635022460
   3  170710326  172847791 14638976932 14838468978
--- Monitoramento de Tráfego (Switch 5) ---
Porta        Rx Pkts    Tx Pkts    Rx Bytes   Tx Bytes
-------------------------------------------------------
fffffffe          0          0          0          0
   1     102631  342912714    4827138 29448372804
   2  170612117  172839565 14634558246 14837819942
   3  173017598  170691147 14844987564 14637991394
--- Monitoramento de Tráfego (Switch 6) ---
Porta        Rx Pkts    Tx Pkts    Rx Bytes   Tx Bytes
-------------------------------------------------------
fffffffe          0          0          0          0
   1     236166  345063902   10195852 29633155560
   2  173942188  171768703 14931120252 14729674462
   3  171802644  174093852 14731665356 14937376252
--- Monitoramento de Tráfego (Switch 4) ---
Porta        Rx Pkts    Tx Pkts    Rx Bytes   Tx Bytes
-------------------------------------------------------
fffffffe          0          0          0          0
   1     207204  345096403    9586760 29635921786
   2  173939583  171919394 14931596066 14737869940
   3  171801701  173973655 14732454646 14933821774
--- Monitoramento de Tráfego (Switch 1) ---
Porta        Rx Pkts    Tx Pkts    Rx Bytes   Tx Bytes
-------------------------------------------------------
fffffffe          0          0          0          0
   1      17658  345136583    1517100 29639381918
   2  171771893  173935599 14731596154 14932960834
   3  173957918  171766864 14933824400 14731867960
--- Monitoramento de Tráfego (Switch 3) ---
Porta        Rx Pkts    Tx Pkts    Rx Bytes   Tx Bytes
-------------------------------------------------------
fffffffe          0          0          0          0
   1      40251  345180540    1692030 29643111896
   2  173968614  171869513 14934686508 14736659494
   3  171953201  173972707 14740717490 14934440506
--- Monitoramento de Tráfego (Switch 5) ---
Porta        Rx Pkts    Tx Pkts    Rx Bytes   Tx Bytes
-------------------------------------------------------
fffffffe          0          0          0          0
   1     102944  345202588    4842704 29645031496
   2  171798114  173986761 14734497736 14936299250
   3  174169749  171881421 14943889762 14738297106
--- Monitoramento de Tráfego (Switch 2) ---
Porta        Rx Pkts    Tx Pkts    Rx Bytes   Tx Bytes
-------------------------------------------------------
fffffffe          0          0          0          0
   1      43061  345247478    1809950 29648864652
   2  173986153  171822591 14937299966 14735868930
   3  171909323  174007201 14739997442 14937998842
--- Monitoramento de Tráfego (Switch 6) ---
Porta        Rx Pkts    Tx Pkts    Rx Bytes   Tx Bytes
-------------------------------------------------------
fffffffe          0          0          0          0
   1     237507  347513401   10252174 29843527978
   2  175170785  173041473 15036585210 14836803494
   3  173075566  175322065 14838804140 15042784302
--- Monitoramento de Tráfego (Switch 1) ---
Porta        Rx Pkts    Tx Pkts    Rx Bytes   Tx Bytes
-------------------------------------------------------
fffffffe          0          0          0          0
   1      17658  347556208    1517100 29847189736
   2  173035166  175154944 14837922448 15037623088
   3  175174351  173028364 15038229838 14838045928
--- Monitoramento de Tráfego (Switch 4) ---
Porta        Rx Pkts    Tx Pkts    Rx Bytes   Tx Bytes
-------------------------------------------------------
fffffffe          0          0          0          0
   1     208750  347525422    9657720 29844535288
   2  175156921  173182522 15036107134 14844143216
   3  173059811  175188151 14838348006 15038076298
--- Monitoramento de Tráfego (Switch 3) ---
Porta        Rx Pkts    Tx Pkts    Rx Bytes   Tx Bytes
-------------------------------------------------------
fffffffe          0          0          0          0
   1      40372  347617209    1697112 29852381578
   2  175190055  173136248 15039525482 14843277152
   3  173220112  175195165 14847309976 15039390826
--- Monitoramento de Tráfego (Switch 5) ---
Porta        Rx Pkts    Tx Pkts    Rx Bytes   Tx Bytes
-------------------------------------------------------
fffffffe          0          0          0          0
   1     103274  347628210    4859248 29853350860
   2  173058160  175203280 14840544544 15040713624
   3  175386420  173141447 15048310416 14844341838
--- Monitoramento de Tráfego (Switch 2) ---
Porta        Rx Pkts    Tx Pkts    Rx Bytes   Tx Bytes
-------------------------------------------------------
fffffffe          0          0          0          0
   1      43329  347669359    1821206 29856865962
   2  175199560  173081726 15041454096 14841830304
   3  173166532  175220286 14845817092 15042121076
--- Monitoramento de Tráfego (Switch 6) ---
Porta        Rx Pkts    Tx Pkts    Rx Bytes   Tx Bytes
-------------------------------------------------------
fffffffe          0          0          0          0
   1     238706  349734908   10302532 30034320196
   2  176283748  174197727 15132126676 14934058078
   3  174231996  176435385 14936108972 15138355606
--- Monitoramento de Tráfego (Switch 4) ---
Porta        Rx Pkts    Tx Pkts    Rx Bytes   Tx Bytes
-------------------------------------------------------
fffffffe          0          0          0          0
   1     210179  349758511    9723030 30036321434
   2  176277637  174345743 15132321702 14941950910
   3  174223476  176310839 14936203528 15134452910
--- Monitoramento de Tráfego (Switch 5) ---
Porta        Rx Pkts    Tx Pkts    Rx Bytes   Tx Bytes
-------------------------------------------------------
fffffffe          0          0          0          0
   1     103577  349861412    4874482 30045147156
   2  174219695  176323292 14938278982 15136851076
   3  176505574  174302021 15144377092 14941991114
--- Monitoramento de Tráfego (Switch 3) ---
Porta        Rx Pkts    Tx Pkts    Rx Bytes   Tx Bytes
-------------------------------------------------------
fffffffe          0          0          0          0
   1      40481  349852062    1701690 30044315796
   2  176311490  174297404 15135788828 14940973496
   3  174383513  176313542 14945127250 15135402436
--- Monitoramento de Tráfego (Switch 1) ---
Porta        Rx Pkts    Tx Pkts    Rx Bytes   Tx Bytes
-------------------------------------------------------
fffffffe          0          0          0          0
   1      17658  349801657    1517100 30040037914
   2  174200511  176278134 14935953330 15134038364
   3  176297192  174193078 15134612196 14936058836
--- Monitoramento de Tráfego (Switch 2) ---
Porta        Rx Pkts    Tx Pkts    Rx Bytes   Tx Bytes
-------------------------------------------------------
fffffffe          0          0          0          0
   1      43574  349899286    1831496 30048381208
   2  176317737  174240690 15137435962 14939338080
   3  174327442  176338462 14943487260 15138101772
--- Monitoramento de Tráfego (Switch 6) ---
Porta        Rx Pkts    Tx Pkts    Rx Bytes   Tx Bytes
-------------------------------------------------------
fffffffe          0          0          0          0
   1     239906  352021556   10352932 30230712020
   2  177436770  175378482 15231090524 15034022680
   3  175406967  177585016 15035634722 15237006484
--- Monitoramento de Tráfego (Switch 1) ---
Porta        Rx Pkts    Tx Pkts    Rx Bytes   Tx Bytes
-------------------------------------------------------
fffffffe          0          0          0          0
   1      17658  352079383    1517100 30235663226
   2  175361199  177415888 15034349262 15231682996
   3  177436383  175356686 15232373802 15034676020
--- Monitoramento de Tráfego (Switch 4) ---
Porta        Rx Pkts    Tx Pkts    Rx Bytes   Tx Bytes
-------------------------------------------------------
fffffffe          0          0          0          0
   1     211624  352038188    9789044 30232113784
   2  177419213  175515695 15230308214 15041021690
   3  175393579  177453397 15035318786 15232518310
--- Monitoramento de Tráfego (Switch 5) ---
Porta        Rx Pkts    Tx Pkts    Rx Bytes   Tx Bytes
-------------------------------------------------------
fffffffe          0          0          0          0
   1     103881  352124398    4889758 30239505668
   2  175378148  177457403 15036519096 15234177974
   3  177641085  175460975 15241820470 15040272442
--- Monitoramento de Tráfego (Switch 2) ---
Porta        Rx Pkts    Tx Pkts    Rx Bytes   Tx Bytes
-------------------------------------------------------
fffffffe          0          0          0          0
   1      43775  352162742    1839938 30242781212
   2  177453495  175398499 15234911634 15037552074
   3  175484945  177474650 15041630970 15235619636
--- Monitoramento de Tráfego (Switch 3) ---
Porta        Rx Pkts    Tx Pkts    Rx Bytes   Tx Bytes
-------------------------------------------------------
fffffffe          0          0          0          0
   1      40592  352117684    1706352 30238901380
   2  177444997  175459979 15233073530 15039487222
   3  175544392  177447734 15043484076 15232757272
--- Monitoramento de Tráfego (Switch 6) ---
Porta        Rx Pkts    Tx Pkts    Rx Bytes   Tx Bytes
-------------------------------------------------------
fffffffe          0          0          0          0
   1     241141  354402886   10404802 30435233360
   2  178627861  176564532 15333362414 15135848976
   3  176592977  178776550 15137489954 15339308820
--- Monitoramento de Tráfego (Switch 1) ---
Porta        Rx Pkts    Tx Pkts    Rx Bytes   Tx Bytes
-------------------------------------------------------
fffffffe          0          0          0          0
   1      17658  354473967    1517100 30441322654
   2  176559618  178615150 15137266896 15334647396
   3  178636300  176551513 15335392264 15137290358
--- Monitoramento de Tráfego (Switch 4) ---
Porta        Rx Pkts    Tx Pkts    Rx Bytes   Tx Bytes
-------------------------------------------------------
fffffffe          0          0          0          0
   1     213167  354433768    9859626 30437858828
   2  178617744  176713207 15333225480 15143807970
   3  176591720  178653379 15138183668 15335553574
--- Monitoramento de Tráfego (Switch 5) ---
Porta        Rx Pkts    Tx Pkts    Rx Bytes   Tx Bytes
-------------------------------------------------------
fffffffe          0          0          0          0
   1     104213  354563297    4906342 30448970538
   2  176597610  178681822 15141249404 15339300592
   3  178860681  176679670 15346530538 15144935204
--- Monitoramento de Tráfego (Switch 2) ---
Porta        Rx Pkts    Tx Pkts    Rx Bytes   Tx Bytes
-------------------------------------------------------
fffffffe          0          0          0          0
   1      43977  354602951    1848422 30452358914
   2  178679484  176621735 15340171664 15142601094
   3  176707613  178699057 15146627130 15340746266
--- Monitoramento de Tráfego (Switch 3) ---
Porta        Rx Pkts    Tx Pkts    Rx Bytes   Tx Bytes
-------------------------------------------------------
fffffffe          0          0          0          0
   1      40709  354536848    1711266 30446670212
   2  178658023  176667511 15337222530 15143183114
   3  176753165  178658072 15147237842 15336688692
--- Monitoramento de Tráfego (Switch 6) ---
Porta        Rx Pkts    Tx Pkts    Rx Bytes   Tx Bytes
-------------------------------------------------------
fffffffe          0          0          0          0
   1     242240  356576749   10450960 30621942130
   2  179714938  177648411 15426695152 15228909954
   3  177675425  179863986 15230454886 15432660724
--- Monitoramento de Tráfego (Switch 4) ---
Porta        Rx Pkts    Tx Pkts    Rx Bytes   Tx Bytes
-------------------------------------------------------
fffffffe          0          0          0          0
   1     214515  356576463    9921126 30621890258
   2  179694969  177785358 15425720726 15235843896
   3  177665048  179729012 15230338788 15427903476
--- Monitoramento de Tráfego (Switch 3) ---
Porta        Rx Pkts    Tx Pkts    Rx Bytes   Tx Bytes
-------------------------------------------------------
fffffffe          0          0          0          0
   1      40812  356652008    1715592 30628335108
   2  179719439  177728119 15428347678 15234268866
   3  177814034  179720898 15238305740 15427947352
--- Monitoramento de Tráfego (Switch 1) ---
Porta        Rx Pkts    Tx Pkts    Rx Bytes   Tx Bytes
-------------------------------------------------------
fffffffe          0          0          0          0
   1      17658  356611181    1517100 30624883726
   2  177628829  179687403 15229093706 15426701702
   3  179710278  177623676 15427592440 15229374984
--- Monitoramento de Tráfego (Switch 5) ---
Porta        Rx Pkts    Tx Pkts    Rx Bytes   Tx Bytes
-------------------------------------------------------
fffffffe          0          0          0          0
   1     104491  356664781    4920350 30629463494
   2  177646143  179732314 15231304490 15429483756
   3  179911878  177729122 15436771372 15235067016
--- Monitoramento de Tráfego (Switch 2) ---
Porta        Rx Pkts    Tx Pkts    Rx Bytes   Tx Bytes
-------------------------------------------------------
fffffffe          0          0          0          0
   1      44144  356690578    1855436 30631661684
   2  179721165  177661484 15429599634 15231898164
   3  177757801  179754668 15236817566 15431372180
--- Monitoramento de Tráfego (Switch 6) ---
Porta        Rx Pkts    Tx Pkts    Rx Bytes   Tx Bytes
-------------------------------------------------------
fffffffe          0          0          0          0
   1     243543  358997546   10505742 30829855876
   2  180926962  178857724 15530749192 15332740256
   3  178887747  181076679 15334570846 15536748034
--- Monitoramento de Tráfego (Switch 4) ---
Porta        Rx Pkts    Tx Pkts    Rx Bytes   Tx Bytes
-------------------------------------------------------
fffffffe          0          0          0          0
   1     216043  359011113    9990682 30830993650
   2  180911010  179001430 15530126888 15340226672
   3  178877660  180946034 15334452064 15532386944
--- Monitoramento de Tráfego (Switch 3) ---
Porta        Rx Pkts    Tx Pkts    Rx Bytes   Tx Bytes
-------------------------------------------------------
fffffffe          0          0          0          0
   1      40929  359091120    1720506 30837817984
   2  180940556  178940689 15533170880 15338399522
   3  179032252  180942403 15342872744 15532823038
--- Monitoramento de Tráfego (Switch 1) ---
Porta        Rx Pkts    Tx Pkts    Rx Bytes   Tx Bytes
-------------------------------------------------------
fffffffe          0          0          0          0
   1      17658  359047788    1517100 30834155776
   2  178845380  180909296 15333570776 15531588012
   3  180931374  178836675 15532406448 15333550902
--- Monitoramento de Tráfego (Switch 5) ---
Porta        Rx Pkts    Tx Pkts    Rx Bytes   Tx Bytes
-------------------------------------------------------
fffffffe          0          0          0          0
   1     104814  359106489    4936732 30839173026
   2  178865931  180956681 15336064066 15534578850
   3  181138381  178950161 15542044762 15339931170
--- Monitoramento de Tráfego (Switch 2) ---
Porta        Rx Pkts    Tx Pkts    Rx Bytes   Tx Bytes
-------------------------------------------------------
fffffffe          0          0          0          0
   1      44345  359173810    1863878 30844937680
   2  180965415  178900313 15536406230 15338288446
   3  178991556  180986922 15342767884 15537151380
--- Monitoramento de Tráfego (Switch 6) ---
Porta        Rx Pkts    Tx Pkts    Rx Bytes   Tx Bytes
-------------------------------------------------------
fffffffe          0          0          0          0
   1     244807  361280152   10558830 31025899172
   2  182070340  179999477 15628924384 15430760778
   3  180027585  182220250 15432461370 15634934484
--- Monitoramento de Tráfego (Switch 4) ---
Porta        Rx Pkts    Tx Pkts    Rx Bytes   Tx Bytes
-------------------------------------------------------
fffffffe          0          0          0          0
   1     217480  361292848   10055964 31026961768
   2  182055850  180143763 15628436172 15438279070
   3  180018048  182088832 15432355040 15630512208
--- Monitoramento de Tráfego (Switch 1) ---
Porta        Rx Pkts    Tx Pkts    Rx Bytes   Tx Bytes
-------------------------------------------------------
fffffffe          0          0          0          0
   1      17658  361349908    1517100 31031874776
   2  179993287  182061711 15432151350 15630538966
   3  182083644  179989038 15631339788 15432518796
--- Monitoramento de Tráfego (Switch 3) ---
Porta        Rx Pkts    Tx Pkts    Rx Bytes   Tx Bytes
-------------------------------------------------------
fffffffe          0          0          0          0
   1      41041  361392020    1725210 31035430700
   2  182098759  180096750 15632621950 15437675400
   3  180185166  182098483 15441833556 15632097326
--- Monitoramento de Tráfego (Switch 5) ---
Porta        Rx Pkts    Tx Pkts    Rx Bytes   Tx Bytes
-------------------------------------------------------
fffffffe          0          0          0          0
   1     105115  361407536    4951882 31036799272
   2  180014040  182110625 15434666084 15633656670
   3  182290994  180096510 15641009296 15438381020
--- Monitoramento de Tráfego (Switch 2) ---
Porta        Rx Pkts    Tx Pkts    Rx Bytes   Tx Bytes
-------------------------------------------------------
fffffffe          0          0          0          0
   1      44529  361445084    1871606 31040007768
   2  182107294  180038905 15634453288 15436069382
   3  180125484  182125710 15440143296 15634936224
